"API","","1980","1981","1982","1983","1984","1985","1986","1987","1988","1989","1990","1991","1992","1993","1994","1995","1996","1997","1998","1999","2000","2001","2002","2003","2004","2005","2006","2007","2008","2009","2010","2011","2012","2013","2014","2015","2016","2017","2018","2019","2020","2021","2022"
"","electricity net consumption (billion kWh)","","","","","","","","","","","","","","","","","","","","","","","","","","","","","","","","","","","","","","","","","","",""
"INTL.2-2-WORL-BKWH.A","    World","7323.372305717931","7410.42911814836","7569.413688417245","7872.425977482276","8361.737719825596","8662.099348173328","8888.361762504255","9278.659621343695","9699.463798467037","10131.9335627179","10401.81227925549","10607.672493878881","10673.908666589763","10881.528946696639","11132.095265144515","11506.569674360067","11838.234157714318","12154.350923645112","12449.231608460452","12713.197352520046","13744.571380252","13978.472125811","14461.892583283","15042.216149479","15715.253905218","16366.97685955","17089.500885715","17867.555299475","18167.416399459","18071.478185508","19347.31343944","20049.73959546","20473.412464236","21208.96763769","21813.72975273","22079.73230367","22618.14259544","23319.07503448","24109.49409343","24466.00844273","24388.84857847","25823.1180698","26587.177201937"
"INTL.2-2-AFG-BKWH.A","        Afghanistan","0.87606","0.92256","0.88536","0.93","0.94767","0.96162","1.05555","1.13274","1.0044","1.01277","1.02114","1.04477","0.76805","0.72961","0.75017","0.68544","0.62057","0.56407","0.5278","0.52315","0.454","0.6559","0.6762","0.854","0.747","0.78","1.136","1.413","1.341","1.8251","2.4393","3.0993","3.549","4.2286","4.3498","4.4401","4.9572","5.2606","5.5109","5.3147","5.2892","5.8419","5.99426159"
"INTL.2-2-ALB-BKWH.A","        Albania","2.974","2.987","2.981","2.975","2.977","3.039","3.027","3.441","3.205","3.431","1.659","1.715","1.443","1.727","2.017","2.152","2.79","2.084","2.2","3.482","3.737","3.536","4.548","4.049","4.06","5.132","3.166","3.585","4.9942","5.4295","4.5171","6.5908","6.8366","7.3295","6.6729","6.045","7.5831","6.1646","6.4838","6.5302","6.6567","7.058","6.500097802"
"INTL.2-2-DZA-BKWH.A","        Algeria","5.915","6.713","7.733","8.207","8.959","9.686","10.343","11.119","11.954","12.19","12.734","13.034","14.035","14.039","14.365","14.474","15.172","15.365","16.905","18.492","21.237","22.241","23.279","25.37","26.285","29.518","29.011","30.553","32.897","30.607","36.5741","41.1781","46.274","48.775","53.081","57.612","60.1078","64.8544","66.7175","71.545","70.1687","75.3229","77.786174561"
"INTL.2-2-ASM-BKWH.A","        American Samoa","0.0651","0.06231","0.06231","0.06603","0.06417","0.07719","0.06975","0.07533","0.08463","0.0837","0.08742","0.09486","0.09486","0.10695","0.11346","0.11997","0.12462","0.13113","0.13671","0.14136","0.1579","0.1597","0.1672","0.1756","0.1756","0.1765","0.1763","0.1721","0.1749","0.1655","0.1479","0.1441","0.1449","0.1451","0.1441","0.1483","0.1556","0.1562","0.156","0.1554","0.157","0.1578","0.15732609"
"INTL.2-2-AGO-BKWH.A","        Angola","0.736","0.737","0.815","0.832","0.86","0.826","0.886","0.894","0.893","0.899","0.958","0.899","1.013","1.062","1.071","1.074","1.085","1.216","1.328","1.106","1.234","1.4","1.507","1.707","1.653","1.975","2.593","2.809","3.635","4.44","4.832","5.023","7.025","7.23","8.486","8.698","9.8043","9.5978","11.6981","14.0791","14.9661","14.965","14.985642597"
"INTL.2-2-ATA-BKWH.A","        Antarctica","0","0","0","0","0","0","0","0","0","0","0","0","0","0","0","0","0","0","0","0","0","0","0","0","0","0.0019","0.0019","0.0019","0.0019","0.0037","0.0037","0.0037","0.0005","0.0005","0.0005","0.0009","0.0009","0","0","0","0","0","0"
"INTL.2-2-ATG-BKWH.A","        Antigua and Barbuda","0.05208","0.05487","0.05766","0.06324","0.06603","0.06696","0.07533","0.07905","0.07998","0.08184","0.08277","0.08277","0.08277","0.08277","0.08463","0.08556","0.08556","0.08649","0.08835","0.08835","0.113","0.126","0.14","0.154","0.162","0.178","0.192","0.2104","0.216","0.2427","0.264","0.2737","0.2549","0.255","0.2496","0.2584","0.262","0.2601","0.304","0.3114","0.3111","0.3177","0.318336633"
"INTL.2-2-ARG-BKWH.A","        Argentina","36.845","35.594","36.003","35.484","37.739","37.373","39.01","42.152","42.22","39.924","37.105","39.655","45.292","48.407","49.934","54.938","57.928","62.78","67.908","70.43","76.72","78.391","75.5","82.28","87.6471","92.8171","100.7971","101.4811","109.5411","108.4901","117.2266","119.9525","124.578","125.0782","130.5094","136.108","135.829","132.8921","132.3116","128.438","126.3957","131.6619","127.9804891"
"INTL.2-2-ARM-BKWH.A","        Armenia","--","--","--","--","--","--","--","--","--","--","--","--","6.358","3.724","3.273","2.858","3.486","4.281","3.671","3.88","3.805","3.862","3.542","3.787","4.088","4.307","4.6179","4.9941","4.985","4.563","4.754","4.982","5.247","5.382","5.494","5.497","5.446","5.745","5.5558","5.9813","6.057","6.5517","7.393372674"
"INTL.2-2-ABW-BKWH.A","        Aruba","--","--","--","--","--","--","0.25482","0.27807","0.28644","0.31062","0.29574","0.29667","0.29853","0.46407","0.4929","0.53847","0.56079","0.59055","0.63798","0.64542","0.6986","0.6736","0.6928","0.7016","0.7298","0.7593","0.7616","0.7811","0.7643","0.8039","0.7891","0.7727","0.7657","0.7939","0.7995","0.815","0.7934","0.8133","0.7886","0.8111","0.8167","0.8207","0.809548436"
"INTL.2-2-AUS-BKWH.A","        Australia","78.227","81.717","88.356","89.591","95.546","99.889","106.969","111.642","120.921","128.119","135.404","137.996","140.1334","143.988","147.502","152.334","156.54566","161.721","172.088","176.177","194.51","205.732","212.134","209.101","216.26","212.631","216.797","228.094","228.039","235.903","236.0883","238.9666","237.3053","238.4328","235.3743","242.8814","245.8085","248.9884","243.7254","245.6406","249.2201","250.8794","250.0045853"
"INTL.2-2-AUT-BKWH.A","        Austria","33.974","33.937","34.472","35.164","37.034","38.56","39.02","30.376","41.956","43.323","44.305","47.242","47.107","46.183","46.871","47.945","49.725","50.322","51.118","52.336","54.314","56.563","57.033","59.163","60.275","61.889","64.077","64.222","64.548","63.9","65.0201","65.1431","65.6719","66.1823","65.2059","66.562","67.2651","68.5802","68.4643","70.2012","68.635","72.9326","65.1677984"
"INTL.2-2-AZE-BKWH.A","        Azerbaijan","--","--","--","--","--","--","--","--","--","--","--","--","15.248","14.334","14.594","13.724","13.614","14.12","14.76","15.118","16.408","17.073","16.317","19.367","20.318","20.013","21.63","18.153","17.862","14.475","14.484","15.617","19.063","19.6049","20.9059","21.5558","21.5132","20.7921","21.5965","22.379","22.6802","24.1232","23.827263197"
"INTL.2-2-BHR-BKWH.A","        Bahrain","1.44522","1.58007","1.74933","1.93719","2.178","2.553","2.807","2.829","3.065","3.08","3.039","3.128","3.466","3.788","4.113","4.273","4.499","4.653","4.967","5.206","13.302","14.029","14.715","15.399","15.474","18.962","20.614","21.332","20.696","20.691","22.383","23.974","24.1268","25.4098","26.6883","27.8713","27.9023","28.6423","29.2173","32.355","31.557","32.8892","34.515221627"
"INTL.2-2-BGD-BKWH.A","        Bangladesh","1.834","2.231","2.565","2.676","2.989","3.135","3.58","3.765","4.121","5.019","5.022","5.49","6.65","7.513","8.237","8.616","8.989","9.38802","10.16605","11.3391","13.5245","14.97","16.583","17.792","23.096","24.999","28.371","29.398","29.936","33.015","36.5356","39.6867","42.8292","46.3125","51.5038","55.545","65.42","69.7728","75.1613","82.064","81.6973","93.4166","99.553313865"
"INTL.2-2-BRB-BKWH.A","        Barbados","0.261","0.265","0.277","0.264","0.305","0.312","0.322","0.364","0.385","0.376","0.396","0.46","0.477","0.474","0.498","0.529","0.564","0.599","0.615","0.662","0.732","0.766","0.802","0.8129","0.8353","0.9307","0.9574","0.9842","1.0107","1.0234","0.9786","0.9841","1.0886","0.9769","0.9826","1.0228","1.0394","1.0203","1.0242","0.9964","1.0097","1.0075","1.020238496"
"INTL.2-2-BLR-BKWH.A","        Belarus","--","--","--","--","--","--","--","--","--","--","--","--","38.66","33.326","29.627","26.951","27.091","28.506","26.322","28.436","29.902","29.879","29.604","30.008","30.884","31.363","32.33","32.449","33.174","31.36","33.821","34.373","34.993","34.534","34.866","33.787","33.71","34.224","35.1568","35.4095","35.307","38.1786","35.516397999"
"INTL.2-2-BEL-BKWH.A","        Belgium","45.18","45.201","44.89","46.045","48.247","50.037","51.298","53.794","56.049","57.832","59.032","61.818","63.968","64.663","67.735","69.71","71.19","73.00595","74.89311","75.298","80.499","81.1","81.988","83.467","84.167","83.815","86.492","86.568","86.738","81.172","86.561","84.727","84.931","84.853","82.6951","83.5752","85.8774","86.7016","87.1328","86.4446","83.3693","85.8243","79.9719864"
"INTL.2-2-BLZ-BKWH.A","        Belize","0.08463","0.08556","0.08649","0.08835","0.09579","0.09951","0.1023","0.10695","0.11625","0.11997","0.13206","0.14694","0.15996","0.17484","0.16275","0.16926","0.17298","0.186","0.178746","0.187116","0.1032","0.2566","0.2794","0.3084","0.3358","0.3561","0.3621","0.3842","0.4071","0.3978","0.5188","0.4606","0.5687","0.5555","0.5174","0.5481","0.5647","0.5702","0.5848","0.8494","0.3624","0.4368","0.443175417"
"INTL.2-2-BEN-BKWH.A","        Benin","0.101","0.115","0.155","0.155","0.137","0.142","0.14","0.135","0.131","0.15","0.165","0.176","0.229","0.221","0.252","0.242","0.2787","0.2797","0.2707","0.3147","0.399","0.435","0.498","0.486","0.545","0.589","0.618","0.675","0.752","0.787","0.844","0.884","0.89","0.982","1.152","1.101","1.077","1.1448","1.1995","1.2572","1.2867","1.5201","1.502425876"
"INTL.2-2-BMU-BKWH.A","        Bermuda","0.28923","0.2976","0.30783","0.32085","0.33294","0.3441","0.35991","0.38037","0.40083","0.40734","0.42873","0.44826","0.45198","0.45291","0.46035","0.4557","0.45942","0.46314","0.4743","0.5115","0.5615","0.5715","0.5995","0.6195","0.6215","0.6515","0.6715","0.685","0.683","0.6895","0.6872","0.6748","0.6482","0.6262","0.6109","0.6243","0.6152","0.624","0.5984","0.5636","0.542","0.547","0.581097101"
"INTL.2-2-BTN-BKWH.A","        Bhutan","0.01988","0.0246","0.02746","0.02446","0.0276","0.03123","0.03772","0.0431","0.03876","0.04469","0.04764","0.05673","0.05065","0.07565","0.09087","0.12488","0.24529","0.38853","0.31412","0.29419","0.399","0.4694","0.5493","0.5544","0.5976","0.8083","1.8637","0.9943","0.9663","1.5722","1.7881","1.7192","1.8675","2.0437","2.1037","2.0893","2.0644","1.9843","2.3474","2.5512","3.6904","9.7559","9.752078503"
"INTL.2-2-BOL-BKWH.A","        Bolivia","1.426","1.5","1.527","1.504","1.365","1.331","1.283","1.318","1.628","1.717","1.813","2.006","1.983","2.014","2.366","2.542","2.721","2.923","3.093","3.314","3.509","3.486","3.602","3.757","3.921","4.393","4.4543","4.8371","5.234","5.489","5.867","6.299","6.657","7.1","7.526","8.193","8.49","8.7403","8.9713","9.2766","9.0937","9.717","10.564589852"
"INTL.2-2-BIH-BKWH.A","        Bosnia and Herzegovina","--","--","--","--","--","--","--","--","--","--","--","--","5.324","3.157","3.554","3.205","3.916","4.373","5.484","5.105","7.565","7.716","7.812","8.358","8.68","8.938","8.92","8.925","11.163","10.741","11.613","12.199","12.501","12.239","11.952","12.054","12.597","13.183","13.169","12.471","11.628","12.473","12.648057839"
"INTL.2-2-BWA-BKWH.A","        Botswana","0.41199","0.47686","0.53677","0.56362","0.59985","0.64708","0.74034","0.85878","0.816","0.80621","0.87636","0.92347","1.09184","1.11411","1.28092","1.31371","1.39087","1.5571","1.571","1.749","1.8988","2.0519","2.1729","2.3627","2.6134","2.6347","2.7427","2.879","2.9549","2.9887","3.1837","3.1834","3.2298","3.405","3.746","3.9019","3.8","3.668","3.4092","2.8926","3.56","3.573","3.697445446"
"INTL.2-2-BRA-BKWH.A","        Brazil","121.7838","124.1572","131.69046","145.44532","161.9187","171.04538","186.48074","190.47542","200.76276","208.72774","212.64456","222.44502","228.10914","239.094122","247.990752","261.50987","277.74329","290.86791","302.90687","310.61948","327.2261","309.8121","324.3581","342.3541","359.5541","374.5372","389.1812","411.4282","427.4382","425.2602","463.866","479.257","497.423","515.372","535.943","527.0211","525.9755","533.4224","543.3094","551.3079","546.8065","569.6214","583.1839092"
"INTL.2-2-VGB-BKWH.A","        British Virgin Islands","0.02046","0.02232","0.02325","0.02232","0.02511","0.02697","0.03069","0.03441","0.0372","0.03813","0.03906","0.03906","0.03906","0.03906","0.03906","0.03906","0.03906","0.03906","0.03906","0.03906","0.1036","0.1199","0.1342","0.131","0.1354","0.1454","0.1529","0.1683","0.1732","0.1694","0.1802","0.1731","0.1788","0.1806","0.1876","0.1968","0.2033","0.1599","0.151","0.1516","0.1516","0.1586","0.161367692"
"INTL.2-2-BRN-BKWH.A","        Brunei","0.424","0.459","0.51","0.653","0.749","0.819","0.867","0.892","0.998","1.038","1.11","1.178","1.237","1.39","1.515","1.779","1.953","2.234","2.324","2.26","2.514","2.272","2.361","2.799","3.142","3.09","3.122","3.23","3.259","3.394","3.424","3.456","3.687","3.993","4.217","3.93","4.027","3.676","3.813","4.4363","5.2973","5.1844","5.240220846"
"INTL.2-2-BGR-BKWH.A","        Bulgaria","33.232","34.575","36.871","38.5","40.173","39.663","39.141","40.877","41.992","42.68","38.786","33.505","29.857","30.235","30.2755","33.218","34.733","30.066","30.012","27.362","28.595","28.928","29.464","29.334","29.114","30.039","31.343","32.6068","33.262","31.466","31.6957","33.4873","32.6892","31.7236","32.295","33.2284","33.4302","34.8503","34.6285","34.2317","33.2045","34.9752","35.368998365"
"INTL.2-2-BFA-BKWH.A","        Burkina Faso","0.09114","0.10044","0.10695","0.10881","0.10509","0.10695","0.11346","0.12369","0.13299","0.14229","0.16182","0.16926","0.1767","0.19065","0.19158","0.21576","0.24459","0.26226","0.29016","0.32364","0.3401","0.3674","0.4184","0.4449","0.492","0.5586","0.602","0.6323","0.6588","0.7411","0.9619","0.9381","1.0306","1.115","1.1946","1.2715","1.4352","1.5368","1.7197","1.7217","1.9412","2.0722","2.109622009"
"INTL.2-2-MMR-BKWH.A","        Burma","1.11","1.022","1.102","1.139","1.246","1.514","1.538","1.571","1.417","1.546","1.734","1.614","1.771","2.055","2.207","2.349","2.407","2.719","2.759","2.919","3.497","3.211","3.484","3.849","3.91","3.666","4.357","4.439","4.7","4.995","6.3146","7.7206","8.45","9.827","11.49","13.629","13.36","16.7741","17.2446","14.6363","14.2315","15.1435","15.472614509"
"INTL.2-2-BDI-BKWH.A","        Burundi","0.04179","0.04472","0.04072","0.05925","0.07313","0.08571","0.08366","0.10035","0.10872","0.10879","0.11737","0.12716","0.12158","0.1373","0.15088","0.13967","0.14474","0.14753","0.13223","0.12707","0.123","0.126","0.133","0.125","0.128","0.14","0.144","0.165","0.157","0.1824","0.2238","0.212","0.2142","0.2317","0.2345","0.2317","0.2667","0.3277","0.323","0.4172","0.3691","0.4128","0.415198225"
"INTL.2-2-CPV-BKWH.A","        Cabo Verde","0.01395","0.01395","0.01953","0.02046","0.02418","0.02511","0.02604","0.02883","0.03069","0.03069","0.03627","0.0465","0.05301","0.06138","0.06975","0.07254","0.07719","0.08184","0.08928","0.1023","0.1257","0.1276","0.1518","0.1637","0.1788","0.1957","0.1974","0.2007","0.2101","0.2347","0.2622","0.2769","0.2799","0.302","0.3253","0.3166","0.3364","0.3167","0.3204","0.3348","0.3132","0.3178","0.327"
"INTL.2-2-KHM-BKWH.A","        Cambodia","0.08928","0.09579","0.09951","0.09393","0.08928","0.09858","0.10695","0.11625","0.12555","0.13299","0.14229","0.14694","0.15438","0.15996","0.16647","0.206","0.238","0.25","0.275","0.284","0.242","0.159","0.478","0.557","0.614","0.886","1.088","1.376","1.591","1.8033","2.2763","2.5893","3.3033","3.5793","4.1923","5.3123","6.3773","6.9544","8.752","10.5337","11.494","10.5942","11.000669973"
"INTL.2-2-CMR-BKWH.A","        Cameroon","1.325","1.737","2.009","1.952","1.972","2.193","2.044","2.082","2.253","2.364","2.323","2.334","2.318","2.324","2.231","2.203","2.341","2.483","2.505","2.645","2.685","2.597","2.505","2.772","3.281","3.268","4.438","4.715","5.101","5.203","5.2774","4.789","4.9674","5.2013","5.4813","6.2964","5.4743","6.3071","6.7844","6.7836","7.167","6.263","6.311263613"
"INTL.2-2-CAN-BKWH.A","        Canada","309.4796186319204","319.0600112649243","319.166289863045","331.6464341056035","356.7081733758947","372.3747487915998","389.3921381903313","405.238064814645","422.2426890233551","434.632367031074","433.827893","439.87071","444.724821","455.060803","459.642142","466.698881","473.652624","482.487399","479.436168","490.033692","515.1705","515.85","523.1186","538.2689","543.5936","565.7586","558.322","566.7454","565.8494","537.8529","540.221","558.2265","547.1162","567.049","571.2801","554.9588","559.4238","551.1913","558.9357","550.8529","546.9353","533.6122","553.261389072"
"INTL.2-2-CYM-BKWH.A","        Cayman Islands","0.05394","0.06138","0.07254","0.08277","0.09672","0.10881","0.11997","0.14043","0.15531","0.17019","0.19716","0.2046","0.20553","0.22041","0.24924","0.25947","0.26133","0.26226","0.26412","0.2883","0.386","0.408","0.425","0.444","0.396","0.446","0.511","0.554","0.566","0.577","0.571","0.573","0.568","0.575","0.584","0.602","0.628","0.6505","0.6637","0.7066","0.6837","0.6977","0.697351427"
"INTL.2-2-CAF-BKWH.A","        Central African Republic","0.06231","0.06138","0.0651","0.06324","0.06696","0.07161","0.08649","0.08463","0.08556","0.08556","0.08649","0.08556","0.08742","0.08835","0.09207","0.093","0.09486","0.09672","0.09486","0.09579","0.101","0.102","0.102","0.104","0.142","0.152","0.159","0.153","0.152","0.151","0.1505","0.1643","0.1674","0.1284","0.1594","0.1594","0.1604","0.1414","0.141","0.141","0.141","0.1411","0.141105202"
"INTL.2-2-TCD-BKWH.A","        Chad","0.04092","0.04464","0.04557","0.04464","0.04557","0.04743","0.06045","0.07347","0.07068","0.07161","0.07905","0.07626","0.07347","0.07533","0.0744","0.07812","0.07905","0.07905","0.07998","0.07998","0.0883","0.093","0.0955","0.1019","0.1085","0.114","0.1149","0.115","0.1335","0.1604","0.175","0.1856","0.2088","0.2377","0.2522","0.2558","0.2682","0.2724","0.2765","0.2808","0.298","0.297","0.301522877"
"INTL.2-2-CHL-BKWH.A","        Chile","10.41","10.75","10.551","10.771","11.62","12.076","12.926","13.257","14.277","15.501","18.341","18.224","19.224","19.666","21.258","25.635","28.059","30.687","31.643","34.86","39.381","40.576","42.563","45.713","48.857","49.831","52.41","54.9707","55.535","55.316","56.237","61.686","66.071","67.951","65.811","71.203","75.942","74.7253","78.2589","81.4193","81.2015","83.6879","86.6280544"
"INTL.2-2-CHN-BKWH.A","        China","261.492","268.754","285.858","307.606","330.13","351.318","385.299","425.192","466.479","498.708","549.342","597.204","666.142","738.807","818.535","876.577","920.966","983.495","1017.457","1076.767","1249.982","1365.283","1525.957","1772.688","2049.184","2316.893","2665.78","3057.604","3231.639","3467.379","3916.511","4411.811","4672.744","5098.8","5464.675","5509.5398","5825.9309","6322.9444","6734.3189","7096.6271","7385.9567","8109.701","8539.6899982"
"INTL.2-2-COL-BKWH.A","        Colombia","16.385","16.697","22.257","22.931","25.177","25.439","28.302","23.559","25.427","27.079","28.171","28.782","26.624","29.652","32.026","33.461","34.127","34.837","34.123","32.625","33.196","34.546","35.361","36.002","37.987","38.385","41.098","42.8027","43.287","47.283","50.3","52.733","54.6365","66.888","63.7985","70.4324","69.4937","72.9861","71.096","73.3814","73.5033","80.1167","80.9362528"
"INTL.2-2-COM-BKWH.A","        Comoros","0.00837","0.0093","0.0093","0.01023","0.01116","0.01302","0.01302","0.01302","0.01302","0.01488","0.01395","0.01395","0.01395","0.01395","0.01395","0.01395","0.01488","0.01488","0.01581","0.01581","0.0229","0.0244","0.0268","0.0293","0.0367","0.0393","0.0412","0.0388","0.036","0.0385","0.0543","0.0494","0.0482","0.0453","0.0414","0.0427","0.0469","0.0694","0.0828","0.0912","0.1089","0.1099","0.113051789"
"INTL.2-2-COG-BKWH.A","        Congo-Brazzaville","0.144","0.156","0.2","0.192","0.294","0.228","0.369","0.387","0.372","0.386","0.405","0.462","0.44","0.355","0.351","0.355","0.449","0.447","0.324","0.361","0.296","0.335","0.378","0.388","0.367","0.421","0.467","0.483","0.539","0.597","0.596","0.6411","0.9581","0.9223","0.8993","1.505","1.579","1.6291","1.714","2.0111","2.122","2.1332","2.174235907"
"INTL.2-2-COD-BKWH.A","        Congo-Kinshasa","3.921","3.614","3.561","3.864","4.057","4.366","4.559","4.534","4.672","4.829","4.42","4.384","4.207","3.926","4.031","4.479","4.676","4.386","4.141","4.357","4.493","4.569","4.414","4.578","4.609","4.828","5.705","6.121","6.09","6.642","6.68","7.133","7.8171","8.419","9.259","9.106","9.0259","9.6511","10.7169","11.1778","11.9699","11.249","11.251588094"
"INTL.2-2-COK-BKWH.A","        Cook Islands","0.0093","0.01023","0.0093","0.00837","0.0093","0.01023","0.01116","0.01209","0.01209","0.01302","0.01395","0.01395","0.014043","0.014043","0.014043","0.017763","0.017763","0.017763","0.017763","0.019623","0.0234","0.0244","0.0263","0.0273","0.028","0.0281","0.0302","0.0316","0.0314","0.0306","0.0311","0.031","0.0304","0.0307","0.03","0.0302","0.0315","0.0348","0.0431","0.0403","0.0348","0.0375","0.0375"
"INTL.2-2-CRI-BKWH.A","        Costa Rica","1.879","2.133","2.05","2.201","2.362","2.547","2.738","3.099","3.039","3.177","3.305","3.553","4.204","4.529","4.771","4.28","4.494","5.029","4.84","5.517","5.904","6.133","6.292","6.686","6.853","7.312","7.8549","8.2376","8.358","8.27","8.57","8.664","9.0478","9.143","9.266","9.4896","9.986","10.0615","10.1601","10.3803","10.186","10.5861","10.6186039"
"INTL.2-2-CIV-BKWH.A","        Cote d'Ivoire","1.433","1.573","1.607","1.683","1.319","1.68","1.719","2.021","1.863","2.092","1.857","1.463","1.293","1.758","2.014","2.519","2.279","2.459","2.724","2.629","2.858","3.071","3.041","3.0568","3.099","3.1361","3.3822","3.5692","3.8172","4.0015","4.401","4.125","5.043","5.136","6.206","6.108","6.9344","6.6224","7.1074","7.6224","8.4023","9.051","8.744378166"
"INTL.2-2-HRV-BKWH.A","        Croatia","--","--","--","--","--","--","--","--","--","--","--","--","9.991","9.858","10.092","10.448","10.11","11.507","12.963","12.179","11.981","12.117","13.095","13.303","13.89","14.514","15.283","15.835","16.403","15.55","16.575","16.427","15.963","15.664","15.37","16.104","15.8785","16.5998","16.5932","16.5563","15.7282","17.2759","17.111142195"
"INTL.2-2-CUB-BKWH.A","        Cuba","9.493","9.973","10.316","10.443","11.06","10.891","11.754","12.036","12.767","13.245","12.316","10.361","10.341","9.278","9.245","9.437","10.1","10.747","10.751","11.3231","12.6611","12.9271","13.2731","13.4011","13.2228","13.0091","13.8206","14.6523","14.868","14.9764","14.6296","14.972","15.539","16.306","16.48","17.25","17.444","17.3968","17.5591","17.2861","15.6282","14.2485","14.558607965"
"INTL.2-2-CYP-BKWH.A","        Cyprus","0.904","0.923","0.99","1.076","1.1","1.164","1.249","1.331","1.461","1.627","1.746","1.818","2.102","2.296","2.395","2.21","2.2875","2.375","2.601","2.755","3.182","3.318","3.618","3.893","3.988","4.213","4.431","4.656","4.926","5.026","5.103","4.77","4.58","4.107","4.174","4.3196","4.6246","4.7764","4.9023","4.9575","4.6091","4.8924","5.024115538"
"INTL.2-2-CZE-BKWH.A","        Czechia","--","--","--","--","--","--","--","--","--","--","--","--","--","48.63235","50.37085","53.14985","55.006","54.89039","53.983","52.193","57.0474","58.884","58.662","60.066","61.465","62.552","64.326","64.979","65.485","61.74","63.939","63.291","63.289","62.838","62.831","64.018","63.256","64.2797","64.5267","64.3814","62.0555","63.3418","62.076606"
"INTL.2-2-DNK-BKWH.A","        Denmark","21.97","22.209","22.633","22.804","22.517","23.918","26.767","27.786","27.751","28.36","28.868","29.92","30.492","30.788","31.391","31.453","31.911","32.452","32.28073","32.573","34.575","34.763","35.112","35.573","35.737","36.088","37.108","36.419","35.896","34.353","34.0122","33.4242","32.9864","32.9166","32.2467","32.5764","32.9622","33.3716","33.0584","33.2464","33.1063","34.3986","33.1670138"
"INTL.2-2-DJI-BKWH.A","        Djibouti","0.1023","0.10695","0.11439","0.12927","0.12741","0.14322","0.1488","0.14973","0.15252","0.15345","0.15624","0.15717","0.15717","0.15903","0.15903","0.16089","0.16182","0.16368","0.16368","0.16368","0.136","0.143","0.151","0.151","0.165","0.226","0.2269","0.2555","0.2829","0.2736","0.295","0.2966","0.3005","0.3478","0.3577","0.3942","0.4304","0.454","0.4668","0.4863","0.5034","0.5131","0.516232652"
"INTL.2-2-DMA-BKWH.A","        Dominica","0.01023","0.01116","0.01023","0.01674","0.02232","0.02232","0.02418","0.02511","0.02604","0.02697","0.02697","0.0279","0.0279","0.0279","0.03069","0.04092","0.03906","0.0465","0.05766","0.06603","0.063","0.0655","0.0596","0.065","0.1033","0.1036","0.1085","0.1127","0.1183","0.1255","0.1328","0.1337","0.1357","0.1364","0.1401","0.1438","0.1482","0.126","0.1044","0.1305","0.155","0.1557","0.162827352"
"INTL.2-2-DOM-BKWH.A","        Dominican Republic","2.514","2.961","2.35","2.344","3.18","3.174","3.526","3.085","3.272","2.379","2.59","2.713","2.412","3.706","3.234","3.627","4.734","4.802","5.175","6.461","11.5534","11.3638","12.3269","12.5758","10.662","11.7988","12.4321","12.8137","12.7995","11.9484","12.8461","13.7511","14.7545","15.4927","15.1102","15.7141","16.3662","16.7234","17.2926","17.8168","14.2636","18.2805","19.08733727"
"INTL.2-2-ECU-BKWH.A","        Ecuador","2.7","3.01","3.16","3.338","3.218","3.752","4.069","4.176","4.271","4.322","4.784","5.163","5.404","5.51","6.027","6.077","6.921","6.852","7.368","7.639","7.995","8.283","8.527","8.8716","10.1576","10.958","12.1278","14.4955","15.3405","15.925","16.9961","18.3646","19.6396","20.7242","21.8171","22.941","23.3363","24.1215","25.1036","26.2094","25.774","27.3213","27.70200119"
"INTL.2-2-EGY-BKWH.A","        Egypt","15.861","17.749","18.224","20.13405","25.29105","25.32905","29.8871","31.1541","29.7351","32.0611","37.2011","38.1351","38.7831","42.7351","45.1791","47.1512","47.7252","51.7532","55.4512","60.2692","67.3448","72.2535","77.2402","83.6191","88.4031","95.4266","102.6159","111.5475","116.9039","124.5847","143.8496","142.1001","145.6183","143.5302","153.8186","156.2703","150.5351","162.4828","164.8226","162.6123","154.7332","172.4582","176.718670255"
"INTL.2-2-SLV-BKWH.A","        El Salvador","1.433","1.477","1.541","1.396","1.591","1.517","1.566","1.646","1.69","1.745","1.664","1.61","1.729","2.028","2.422","2.801","2.894","3.134","3.244","3.441","3.9531","3.7091","3.9731","4.1491","4.1431","4.5671","4.9621","5.3811","5.2421","5.2101","5.2951","5.4641","5.7071","6.02","6.0091","6.329","6.2764","6.3374","6.3565","6.5964","6.1762","6.698","6.666338836"
"INTL.2-2-GNQ-BKWH.A","        Equatorial Guinea","0.01581","0.01395","0.01302","0.01116","0.01395","0.01581","0.01488","0.01581","0.01581","0.01581","0.01581","0.01581","0.01674","0.01674","0.01674","0.01767","0.01767","0.0186","0.01953","0.01953","0.0523","0.059","0.059","0.064","0.085","0.075","0.079","0.088","0.141","0.156","0.1477","0.2209","0.469","0.7656","0.961","1.153","1.24","1.1831","1.2166","1.252","1.2676","1.286","1.326171466"
"INTL.2-2-ERI-BKWH.A","        Eritrea","--","--","--","--","--","--","--","--","--","--","--","--","--","--","0.131","0.138","0.157","0.1494","0.152962","0.163","0.172","0.194","0.216","0.233","0.235","0.242","0.232","0.245","0.244","0.262","0.274","0.283","0.286","0.253","0.251","0.241","0.241","0.2915","0.3071","0.3167","0.328","0.336","0.337419957"
"INTL.2-2-EST-BKWH.A","        Estonia","--","--","--","--","--","--","--","--","--","--","--","--","6.8","5.726","5.91","5.577","5.904","6.212","6.055","5.699","6.386","6.329","6.577","7.071","7.398","7.494","7.905","8.416","8.51","7.9751","8.6631","8.3822","8.8483","8.785","8.853","8.532","9.4097","9.6475","9.7231","9.2726","9.3474","9.5468","7.475506"
"INTL.2-2-SWZ-BKWH.A","        Eswatini","0.25389","0.27342","0.23808","0.21762","0.28551","0.33945","0.44131","0.55433","0.60526","0.68967","0.73457","0.73272","0.94272","0.90572","0.95272","0.9993","0.9523","0.9893","0.99444","0.9813","1.1678","1.2164","1.359","1.2814","1.133","1.321","1.465","1.528","1.4296","1.4","1.3839","1.226","1.169","1.275","1.283","1.286","1.218","1.328","1.2469","1.338","1.2891","1.3312","1.344183937"
"INTL.2-2-ETH-BKWH.A","        Ethiopia","0.597","0.641","0.676","0.707","0.769","0.813","0.869","1.089","1.159","1.205","1.079","1.09","1.097","1.297","1.288","1.3","1.376","1.434","1.469","1.463","1.532","1.8361","1.864","2.095","2.311","2.596","2.979","3.083","2.8521","2.9034","3.8754","4.4468","5.268","6.3561","6.5621","7.6011","8.5701","8.7597","10.3828","10.7153","11.1415","10.8849","10.596143254"
"INTL.2-2-FLK-BKWH.A","        Falkland Islands","0.00186","0.00279","0.00279","0.00279","0.00558","0.00744","0.00837","0.00837","0.01023","0.0093","0.0093","0.0093","0.0093","0.0093","0.0093","0.01023","0.01023","0.01023","0.01116","0.01116","0.0128","0.0133","0.0141","0.0141","0.0141","0.014","0.0144","0.0143","0.0137","0.0116","0.0159","0.0159","0.0171","0.0171","0.0173","0.0173","0.0191","0.018","0.0177","0.0182","0.0186","0.0197","0.019956877"
"INTL.2-2-FRO-BKWH.A","        Faroe Islands","0.14136","0.14601","0.14973","0.14973","0.15717","0.16926","0.1674","0.17112","0.19065","0.19158","0.18786","0.18042","0.17763","0.16128339","0.15680265","0.1558401","0.1623966","0.16337589","0.17060013","0.17929191","0.1988","0.2167","0.2231","0.2298","0.2319","0.2333","0.2459","0.2613","0.2635","0.2746","0.2618","0.2617","0.2679","0.2808","0.2916","0.2937","0.2973","0.3153","0.3304","0.3618","0.3814","0.3942","0.394336786"
"INTL.2-2-FJI-BKWH.A","        Fiji","0.2697","0.27621","0.28179","0.28923","0.35247","0.35991","0.38316","0.39339","0.38502","0.39618","0.44454","0.44919","0.44733","0.45663","0.49197","0.51429","0.51522","0.5208186","0.51710046","0.5579535","0.6847","0.7191","0.7539","0.7964","0.7997","0.8064","0.8188","0.8273","0.7803","0.7556","0.7882","0.7888","0.7722","0.8005","0.818","0.8582","0.8585","0.9138","0.9412","0.988","0.9177","0.9151","0.936309267"
"INTL.2-2-FIN-BKWH.A","        Finland","37.613","38.975","39.369","42.455","45.822","48.989","49.895","53.466","48.353","57.115","64.984","64.899","60.878","63.494","66.486","65.302","67.3142","70.64958","73.817","75.1","77.647","79.967","82.479","84.251","86.212","83.255","89.387","89.447","85.363","80.033","86.4713","82.9564","83.409","82.7323","81.7978","81.2754","83.8184","83.8043","86.0403","84.3981","79.8604","85.2867","80.0820502"
"INTL.2-2-CSK-BKWH.A","        Former Czechoslovakia","68.54","66.088","66.863","68.842","70.998","74.267","76.271","77.873","78.902","80.44","81.79","77.939","72.284","--","--","--","--","--","--","--","--","--","--","--","--","--","--","--","--","--","--","--","--","--","--","--","--","--","--","--","--","--","--"
"INTL.2-2-SCG-BKWH.A","        Former Serbia and Montenegro","--","--","--","--","--","--","--","--","--","--","--","--","32.613","26.971","27.447","30.097","32.376","32.326","29.432","27.454","31.533","31.359","32.091","31.816","31.378","29.719","--","--","--","--","--","--","--","--","--","--","--","--","--","--","--","--","--"
"INTL.2-2-SUN-BKWH.A","        Former U.S.S.R.","1168.604644367399","1123.888392164824","1234.063244868588","1278.40674334506","1342.19662158109","1382.50971363208","1343.50279884241","1395.35043051461","1432.7303517715","1464.4237885505","1460.94541000967","1446.912","--","--","--","--","--","--","--","--","--","--","--","--","--","--","--","--","--","--","--","--","--","--","--","--","--","--","--","--","--","--","--"
"INTL.2-2-YUG-BKWH.A","        Former Yugoslavia","51.044","55.186","56.142","58.914","62.905","65.188","67.85","70.201","72.24","71.174","70.579","64.682","--","--","--","--","--","--","--","--","--","--","--","--","--","--","--","--","--","--","--","--","--","--","--","--","--","--","--","--","--","--","--"
"INTL.2-2-FRA-BKWH.A","        France","236.442","239.299","242.635","247.079","260.163","277.937","292.67","301.429","309.385","316.531","323.043","345.386","355.1608","356.08","363.556","367.8385","382.65","381.735","393.359","401.221","412.715","423.153","421.278","438.783","450.246","455.851","451.182","453.136","465.324","449.511","476.4836","452.2063","462.9789","467.3558","442.6409","452.257","459.1717","457.0256","453.3921","450.6429","427.841","447.1627","425.9943508"
"INTL.2-2-GUF-BKWH.A","        French Guiana","0.09858","0.10788","0.11997","0.14322","0.15717","0.18042","0.19437","0.21669","0.24645","0.27342","0.30876","0.35433","0.38874","0.38967","0.38967","0.39339","0.39339","0.39525","0.39618","0.39804","0.135","0.694","0.635","0.865","0.866","0.863","0.8","0.861","0.886","1.09","1.055","ie","ie","ie","ie","ie","ie","ie","ie","ie","ie","ie","ie"
"INTL.2-2-PYF-BKWH.A","        French Polynesia","0.22227","0.24366","0.25296","0.20088","0.17856","0.19344","0.19809","0.19809","0.22599","0.23994","0.25761","0.26691","0.28086","0.28644","0.2976","0.31155","0.31341","0.31899","0.3162","0.32271","0.378","0.3818","0.4246","0.439","0.499","0.472","0.4865","0.5088","0.5304","0.5414","0.7177","0.666","0.6479","0.6076","0.6073","0.6268","0.6403","0.6392","0.6351","0.6731","0.6443","0.6551","0.653978226"
"INTL.2-2-GAB-BKWH.A","        Gabon","0.506","0.574","0.644","0.705","0.769","0.833","0.838","0.84","0.845","0.877","0.88","0.901","0.922","0.961","0.815","0.879","0.916","0.963","1.007","1.046","1.073","1.152","1.212","1.258","1.259","1.27","1.346","1.42","1.479","1.46","1.548","1.629","1.73","1.823","1.929","1.981","2.061","2.2674","2.3093","2.4047","2.4808","2.4406","2.496700426"
"INTL.2-2-GMB-BKWH.A","        Gambia, The","0.03441","0.04185","0.04092","0.04185","0.04371","0.04464","0.04929","0.05394","0.05673","0.05301","0.06138","0.06138","0.06231","0.06417","0.06417","0.0651","0.06603","0.06975","0.07626","0.08463","0.11","0.116","0.1192","0.135","0.151","0.16","0.171","0.182","0.195","0.1961","0.1959","0.2003","0.1996","0.2026","0.2053","0.2308","0.2434","0.2488","0.3111","0.3642","0.3824","0.3965","0.40540488"
"INTL.2-2-GEO-BKWH.A","        Georgia","--","--","--","--","--","--","--","--","--","--","--","--","10.113","8.379","7.708","5.514","5.26","5.678","6.695","6.702","6.368","6.31","6.428","6.85","7.066","7.417","7.049","7.236","7.169","6.763","7.593","8.428","8.611","9.205","9.937","10.076","10.6165","11.3463","12.0819","12.3222","11.7283","13.368","13.902309402"
"INTL.2-2-DEU-BKWH.A","        Germany","--","--","--","--","--","--","--","--","--","--","--","491.098","485.685","477.208","475.055","482.523","489.296","492.93143","497.445","497.056","530.768","542.085","554.443","562.064","568.5542","567.8362","573.1964","576.3744","573.028","541.991","565.6619","557.8874","556.1301","555.0417","542.6056","547.7784","550.6093","551.9401","541.7352","527.24","504.3805","521.7892","507.2475037"
"INTL.2-2-DDR-BKWH.A","        Germany, East","93.619","89.256","90.562","92.517","102.835","106.223","108.359","109.512","111.156","110.58","97.72744","--","--","--","--","--","--","--","--","--","--","--","--","--","--","--","--","--","--","--","--","--","--","--","--","--","--","--","--","--","--","--","--"
"INTL.2-2-DEUW-BKWH.A","        Germany, West","358.404","360.011","356.39","364.136","380.628","390.936","396.016","405.478","414.342","395.701","402.11","--","--","--","--","--","--","--","--","--","--","--","--","--","--","--","--","--","--","--","--","--","--","--","--","--","--","--","--","--","--","--","--"
"INTL.2-2-GHA-BKWH.A","        Ghana","4.593","4.658","4.339","2.274","1.59","2.483","3.844","4.11","4.21","4.629","5.336","5.71","6.077","5.83","5.593","5.625","6.113","6.262","5.097","5.683","5.768","6.8068","5.947","4.63","4.6171","5.2999","6.5721","5.5929","6.212","6.2889","7.26","9.109","10.1649","10.8196","10.8679","10.656","12.8479","12.5389","13.1153","14.8111","16.7054","18.8147","19.141668526"
"INTL.2-2-GIB-BKWH.A","        Gibraltar","0.05","0.052","0.054","0.055","0.055","0.057","0.059","0.058","0.062","0.071","0.071","0.071","0.079","0.07219","0.07719","0.07719","0.07905","0.08091","0.08556","0.08928","0.121","0.122","0.125","0.13","0.132","0.141","0.146","0.15","0.161","0.169","0.172","0.166","0.171","0.183","0.192","0.217","0.208","0.208","0.2089","0.213","0.2075","0.226","0.2445"
"INTL.2-2-GRC-BKWH.A","        Greece","20.306","20.511","20.718","22.154","23.603","24.484","24.881","25.918","27.349","29.147","30.526","31.482","32.96","33.652","35.206","36.53","38.115","39.83618","41.983","43.4","48.925","50.342","52.551","54.783","56.162","57.311","58.961","61.843","63.08","62.069","59.25","56.1147","56.2306","52.2654","52.4231","53.9675","57.2474","58.1861","52.0648","53.1213","50.6595","51.3993","47.2826382"
"INTL.2-2-GRL-BKWH.A","        Greenland","0.14043","0.14322","0.14787","0.15345","0.15903","0.16182","0.16647","0.17019","0.17484","0.18321","0.19251","0.18786","0.18879","0.22041","0.2232","0.22506","0.22599","0.23994","0.24552","0.41664","0.2909","0.2777","0.304","0.3027","0.3241","0.3398","0.3399","0.3555","0.3612","0.4094","0.402","0.4383","0.446","0.4582","0.4707","0.5015","0.4715","0.4985","0.5402","0.5264","0.6267","0.6267","0.558479925"
"INTL.2-2-GRD-BKWH.A","        Grenada","0.019","0.021","0.02","0.022","0.02325","0.023","0.026","0.031","0.037","0.042","0.045","0.05","0.053","0.055","0.06","0.081","0.086","0.091","0.101","0.105","0.1137","0.1235","0.129","0.1382","0.1159","0.1313","0.1512","0.1687","0.1729","0.1851","0.1934","0.1895","0.1871","0.184","0.1879","0.1917","0.203","0.2113","0.218","0.2284","0.2114","0.2201","0.224748859"
"INTL.2-2-GLP-BKWH.A","        Guadeloupe","0.2697","0.30039","0.3441","0.35712","0.40176","0.42966","0.50499","0.57195","0.6231","0.58497","0.68076","0.74865","0.81561","0.867411","0.912981","0.914841","1.01463","1.09089","1.09926","1.10205","1.1094","1.1713","1.1915","1.3242","1.352","1.3365","1.3738","1.411","1.4139","1.4565","1.599","ie","ie","ie","ie","ie","ie","ie","ie","ie","ie","ie","ie"
"INTL.2-2-GUM-BKWH.A","        Guam","1.00161","0.97092","0.9579","0.85281","0.8742","0.88424772","0.92229588","0.98752701","1.07814435","1.15197984","1.19639478","1.29593268","1.331574","1.46873319","1.55205003","1.50536961","1.6135314","1.62327966","1.64237907","1.68702","1.8325","1.8342","1.6198","1.6202","1.6916","1.7395","1.7458","1.7401","1.7399","1.7298","1.7409","1.7202","1.5706","1.6378","1.6214","1.6321","1.6531","1.6846","1.6467","1.6521","1.6063","1.6537","1.662378544"
"INTL.2-2-GTM-BKWH.A","        Guatemala","1.752","1.499","1.427","1.429","1.375","1.431","1.616","1.71","1.798","1.957","2.256","2.458","2.461","2.545","2.722","2.99701","2.70729","2.56057","3.30813","4.16406","4.2608","5.067","4.9043","5.4751","4.8951","5.193","6.8519","7.4162","7.394","7.5629","7.8796","7.7379","8.1159","8.487","8.7688","9.3306","9.8396","9.8567","10.5741","10.7536","11.0394","11.1384","11.387019227"
"INTL.2-2-GIN-BKWH.A","        Guinea","0.33759","0.34224","0.34968","0.36084","0.42501","0.43338","0.44082","0.44361","0.45384","0.45663","0.46035","0.465","0.46686","0.47151","0.47337","0.48546","0.49011","0.5766","0.59799","0.67425","0.658","0.801","0.844","0.714","0.747","0.656","0.61","0.664","0.698","0.6869","0.5287","0.4618","0.622","0.5509","0.6068","0.9719","1.3772","1.511","1.2072","1.7479","3.071","2.598","2.625119094"
"INTL.2-2-GNB-BKWH.A","        Guinea-Bissau","0.01209","0.01209","0.01209","0.01209","0.01302","0.01302","0.01581","0.01767","0.01953","0.02697","0.03534","0.03627","0.03813","0.04092","0.04278","0.04371","0.04464","0.0465","0.0465","0.04743","0.023","0.0228","0.0222","0.0203","0.0262","0.0241","0.0258","0.0276","0.0277","0.0288","0.0299","0.0301","0.027","0.0207","0.0264","0.0566","0.077","0.0771","0.0757","0.0765","0.076","0.082","0.078870045"
"INTL.2-2-GUY-BKWH.A","        Guyana","0.388","0.402","0.332","0.109","0.093","0.152","0.132","0.329","0.33","0.275","0.247","0.176","0.179","0.18","0.258","0.445","0.527","0.602","0.639","0.671","0.5891","0.6038","0.6072","0.5273","0.5619","0.4146","0.4366","0.4796","0.4643","0.5585","0.6207","0.6545","0.702","0.732","0.7639","0.7847","0.8576","0.872","0.8984","0.892","0.9063","0.9084","0.9046082"
"INTL.2-2-HTI-BKWH.A","        Haiti","0.237","0.234","0.315","0.329","0.355","0.397","0.475","0.428","0.427","0.411","0.453","0.463","0.416","0.335","0.277","0.269","0.286","0.286","0.278","0.268","0.3","0.3","0.265","0.253","0.253","0.34","0.348","0.24","0.227","0.35","0.346","0.654","0.4619","0.4559","0.4199","0.4312","0.4683","0.4325","0.4121","0.4206","0.4444","0.409","0.418367478"
"INTL.2-2-HITZ-BKWH.A","        Hawaiian Trade Zone","0","0","0","0","0","0","0","--","--","--","--","--","--","--","--","--","--","--","--","--","--","--","--","--","--","--","--","--","--","--","--","--","--","--","--","--","--","--","--","--","--","--","--"
"INTL.2-2-HND-BKWH.A","        Honduras","0.76","0.844","0.841","0.813","0.839","0.994","1.342","1.296","1.835","1.789","1.982","1.947","1.731","1.697","1.43","1.551","2.185","2.378","2.648","2.514","3.196","3.375","3.574","3.916","4.2375","4.205","4.452","4.937","5.157","5.025","5.292","5.581","5.635","5.841","6.03","6.6677","6.8967","7.4223","7.5308","8.1601","7.3605","8.4279","8.788834004"
"INTL.2-2-HKG-BKWH.A","        Hong Kong","10.13","10.724","11.526","13.055","13.971","14.774","16.382","20.033","21.387","20.746","22.099","23.409","24.053","25.469","23.079","26.51","29.75","30.508","32.224","32.329","36.2316","37.1907","38.0043","38.3722","39.1378","39.9827","40.2654","40.7967","41.3603","42.0162","42.3345","42.6198","43.4636","43.2421","43.8218","43.8548","44.0036","43.7929","44.2921","44.949","44.3201","45.9692","44.676767445"
"INTL.2-2-HUN-BKWH.A","        Hungary","27.385","27.722","28.767","30.007","31.552","32.429","33.084","34.594","34.593","34.795","34.143","31.851","30.514","29.299306","29.59","29.882733","30.73976","30.93312","31.04041","31.895","33.08","34.202","35.314","36.289","36.598","37.227","38.147","39.171","39.086","36.687","37.7879","37.503","37.5945","37.0035","37.6703","38.9248","39.6116","41.0884","41.7603","41.6749","41.6043","43.964","43.186173"
"INTL.2-2-ISL-BKWH.A","        Iceland","2.857","2.954","3.235","3.419","3.598","3.518","3.682","3.701","4.026","4.095","4.073","4.065","4.16","4.369","4.495","4.605","4.6197","5.08769","5.787","6.742","7.304","7.614","7.951","7.939","8.17","8.235","9.444","11.398","15.767","16.203","16.047","16.348","16.81","17.626","17.305","17.982","17.6826","18.4811","19.1415","18.8251","18.3502","18.8344","19.2960798"
"INTL.2-2-IND-BKWH.A","        India","97.898","107.442","113.695","117.213","130.42","140.645","154.717","166.86","185.924","202.681","219.879","240.203","255.687","275.674877","297.98","318.336","323.097","344.504","360.501","365.536","460.3018","469.1679","506.721","537.991","573.1599","599.412","655.262","666.7825","704.8996","718.2588","765.532","799.2978","831.6733","962.8388","1099.6573","1111.9642","1132.5947","1172.5609","1215.0699","1261.0799","1200.9339","1351.5584","1462.874493079"
"INTL.2-2-IDN-BKWH.A","        Indonesia","11.299","13.363","15.472","15.553","17.132","23.126","26.952","28.869","32.282","32.563","38.497","40.544","43.803","47.548","51.31","50.082","56.852","64.216","66.045","71.008","87.077","88.385","90.528","93.281","105.826","112.991","118.276","126.884","134.2404","142.3554","153.4432","165.7193","178.337","198.236","203.7871","242.452","208.5558","241.1335","257.2324","259.1428","255.4575","282.1218","312.423073333"
"INTL.2-2-IRN-BKWH.A","        Iran","19.676","21.156","23.919","28.086","31.261","31.582","30.702","31.105","39.234","40.241","49.792","53.871","59.171","62.051","65.533","63.732","69.671","73.358","77.62","84.623","101.476","109.23","117.419","128.553","135.513","144.9143","156.5317","164.4135","174.6681","182.6666","196.1056","199.762","209.684","215.6867","233.177","236.528","252.254","268.691","271.431","282.3858","283.7357","302.133","315.842737841"
"INTL.2-2-IRQ-BKWH.A","        Iraq","10.167","9.813","12.186","14.449","16.334","18.716","19.875","21.657","24.601","25.996","19.52","17.821","22.64","23.598","25.217","26.18","26.08","26.667","26.781","25.568","29.16","30.035","31.537","26.673","31.636","22.521","26.95","21.828","21.839","25.007","38.07169","40.379785","36.393545","44.852929","43.569843","42.319128","41.104396","46.444589","48.967726","56.537994","58.420378","58.808047","65.907634"
"INTL.2-2-IRL-BKWH.A","        Ireland","8.446","8.302","8.483","8.435","8.67","9.486","9.779","10.697","10.639","11.388","12.014","12.605","13.372","13.701","14.286","14.968","15.941","16.77122","17.728","18.79","21.598","22.312","23.189","23.792","24.549","25.429","26.563","27.311","27.942","26.398","26.4313","25.6157","25.4117","25.5542","25.7002","26.4436","27.1276","27.6153","28.3702","28.843","28.6661","29.8026","30.7357677"
"INTL.2-2-ISR-BKWH.A","        Israel","10.931","11.435","12.1","12.997","13.376","13.822","13.645","15.111","16.883","17.91","18.193","18.797","21.732","23.041","25.246","26.575","28.387","29.927","32.485","34.255","39.766","41.211","42.723","44.134","44.435","45.546","47.339","50.284","51.921","49.196","52.977","53.737","56.833","54.071","54.267","56.557","58.9344","59.3973","60.3583","63.0025","62.6491","63.6235","65.442494"
"INTL.2-2-ITA-BKWH.A","        Italy","164.891","163.087","165.723","164.854","174.155","178.066","183.551","193.549","186.849","211.8418","219.007","224.429","229.821","229.536","236.957","243.676","246.033","253.48497","260.883","267.354","291.428","297.23","304.273","309.216","316.441","321.433","329.032","330.192","329.772","310.355","319.373","323.1128","316.8822","306.1963","299.6076","305.8396","303.4787","310.5053","311.3222","283.045","285.7619","295.792","298.3202219"
"INTL.2-2-JAM-BKWH.A","        Jamaica","1.485","1.481","1.552","1.74","1.65","1.375","1.419","1.563","1.541","1.712","2.056","1.665","1.726","3.592","4.005","4.856","5.035","5.217","5.461","5.576","6.153","6.223","6.343","6.557","6.522","6.615","6.576","5.389","3.226","3.416","3.416","3.403","3.276","3.193","3.143","3.168","3.3291","3.2345","2.8182","3.4777","3.1318","3.1762","3.367444173"
"INTL.2-2-JPN-BKWH.A","        Japan","521.374","522.127","528.362","560.357","593.94","609.764","614.442","663.17","695.604","731.602","772.584","797.667","805.674","813.417","866.555","890.385","910.51003","937.534","943.324","949.515","969.118","952.957","969.323","963.107","992.426","1001.078","1017.152","1059.883","1012.466","996.055","1081.8879","1100.4715","1028.0543","1038.1249","1020.884","1002.6826","1018.8797","1021.512","996.2608","973.6455","924.4961","935.3416","939.3142061"
"INTL.2-2-JOR-BKWH.A","        Jordan","0.802","1.037","1.274","1.549","1.825","2.009","2.167","1.959","2.022","2.726","3.119","3.324","3.933","4.194","4.481","5.357","5.397","5.699","6.049","6.517","6.989","6.906","7.45","7.875","8.662","9.096","10.058","11","12.435","12.491","13.399","14.15","15.514","15.796","16.682","17.4223","17.912","18.7788","18.4101","18.4154","18.6241","19.239","19.678744816"
"INTL.2-2-KAZ-BKWH.A","        Kazakhstan","--","--","--","--","--","--","--","--","--","--","--","--","82.879","79.286","59.78","58.533","52.1","44.952","41.957","39.823","47.41","50.595","52.772","56.103","57.854","60.761","65.15","69.424","73.425","71.501","77.091","80.932","86.926","91.007","86.9773","86.6189","87.982","92.3102","97.5537","96.705","103.3902","105.0646","108.339569422"
"INTL.2-2-KEN-BKWH.A","        Kenya","1.662","1.7937","1.8364","2.20215","2.28185","2.49255","2.3422","2.3849","2.6206","2.71025","2.87963","2.998","2.994","3.285492","3.311","3.455","3.604","3.61","3.736","3.455","3.641","4.034","4.308","4.721","5.3628","5.6756","6.378","5.5212","5.0724","5.496","6.092","6.6365","6.7684","6.6007","7.6183","8.1809","7.7522","9.1099","8.9084","9.0665","8.9325","9.5013","9.622390384"
"INTL.2-2-KIR-BKWH.A","        Kiribati","0.00465","0.00465","0.00465","0.00465","0.00558","0.00558","0.00558","0.00651","0.00651","0.00651","0.00651","0.00651","0.00651","0.00651","0.00651","0.00651","0.00651","0.0093","0.0093","0.01116","0.0136","0.0143","0.0165","0.0166","0.0192","0.0203","0.0225","0.0225","0.0215","0.0212","0.0209","0.021","0.0209","0.0212","0.0226","0.0249","0.0265","0.0265","0.0267","0.0269","0.0281","0.026","0.026225105"
"INTL.2-2-XKS-BKWH.A","        Kosovo","--","--","--","--","--","--","--","--","--","--","--","--","--","--","--","--","--","--","--","--","--","--","--","--","--","--","--","--","4.62","4.505","4.693","5.28","5.17","5.306","5.11","5.253","4.3011","4.9643","4.9365","5.225","5.4499","6.5376","6.487341648"
"INTL.2-2-KWT-BKWH.A","        Kuwait","8.096","8.878","10.316","11.06","12.232","13.515","14.913","15.948","17.367","18.718","18.126","9.443","14.766","17.877","19.58","19.692","21.145","22.181","24.887","26.208","28.767","30.526","32.369","35.424","36.718","38.767","42.17","42.802","45.235","46.601","50.558","50.592","53.836","53.2612","59.395","62.258","63.908","66.339","67.582","68.3695","68.1206","73.559","78.7032686"
"INTL.2-2-KGZ-BKWH.A","        Kyrgyzstan","--","--","--","--","--","--","--","--","--","--","--","--","8.519","8.244","8.145","7.994","6.94","6.693","6.998","8.596","9.223","8.295","7.873","9.713","8.268","6.997","7.368","7.745","7.232","7.024","7.362","8.954","10.002","10.922","11.195","10.796","10.623","11.313","12.0158","12.4454","12.71","13.535","13.465"
"INTL.2-2-LAO-BKWH.A","        Laos","0.17324","0.32827","0.36584","0.31073","0.22154","0.23635","0.23001","0.26017","0.23425","0.29407","0.29187","0.21774","0.23814","0.28851","0.21477","0.33589","0.41297","0.434","0.501","0.553","0.8462","0.7334","0.7967","0.883","0.5351","1.018","1.414","2.102","1.92","2.262","2.358","2.425","2.9444","3.2274","3.643","4.1026","4.8504","4.4159","5.0052","6.2023","7.7037","8.29","8.82936355"
"INTL.2-2-LVA-BKWH.A","        Latvia","--","--","--","--","--","--","--","--","--","--","--","--","6.768","5.158","4.905","4.874","4.8","4.876","4.704","4.699","4.902","5.142","5.294","5.659","5.832","6.144","6.512","6.904","6.921","6.398","6.677","6.573","6.98","6.4121","6.2801","6.1142","6.152","6.035","6.2262","6.1745","6.0838","6.1483","5.9816729"
"INTL.2-2-LBN-BKWH.A","        Lebanon","2.572","2.589","2.747","2.69","2.665","2.596","2.746","2.667","2.733","2.646","2.715","2.709","3.123","4.043","4.185","4.407","6.354","7.534","7.586","7.531","9.962","9.798","10.555","11.346","10.094","10.589","10.726","9.957","11.33","12.348","15.086","15.271","15.141","17.487","16.22","17.03","17.504","19.5208","18.9811","19.4712","16.3724","10.0411","9.165689752"
"INTL.2-2-LSO-BKWH.A","        Lesotho","0","0","0","0","0","0","0","0","0","0","0.192","0.206","0.241","0.281","0.31","0.324","0.335","0.318","0.209","0.23635","0.2134","0.2248","0.2307","0.2427","0.2359","0.3597","0.4589","0.5141","0.5613","0.6786","0.8172","0.6436","0.6767","0.7103","0.6911","0.6676","0.7397","0.8104","0.8191","0.9126","0.8562","0.8264","0.828817082"
"INTL.2-2-LBR-BKWH.A","        Liberia","0.79236","0.74493","0.74958","0.73842","0.64728","0.6789","0.72912","0.7347","0.744","0.73005","0.27993","0.25389","0.26226","0.2604","0.2604","0.2604","0.2604","0.27342","0.279","0.186","0.181","0.181","0.181","0.181","0.181","0.181","0.181","0.226","0.226","0.226","0.2215","0.2675","0.2675","0.2675","0.2675","0.277","0.2361","0.2074","0.144","0.1502","0.7002","0.6122","0.615959933"
"INTL.2-2-LBY-BKWH.A","        Libya","3.332","3.687","3.678","4.351","5.843","7.864","9.838","12.894","13.469","13.522","12.619","12.959","13.327","13.239","13.881","14.267","14.119","14.443","10.086","10.599","11.904","12.278","15.333","16.568","17.66","19.522","22.325","22.661","19.124","19.275","20.841","17.743","27.808","30.769","30.633","30.384","25.469","26.901","27.7435","28.4202","24.808","25.547","24.673733171"
"INTL.2-2-LTU-BKWH.A","        Lithuania","--","--","--","--","--","--","--","--","--","--","--","--","10.656","9.021","8.381","8.419","8.37","8.302","8.569","8.234","7.866","8.2","8.38","8.712","9.148","9.0792","9.491","9.781","10.1427","9.3688","9.473","9.66","9.8473","9.8388","10.015","10.1523","10.5645","10.8871","11.2378","11.3768","11.178","11.6543","11.2271538"
"INTL.2-2-LUX-BKWH.A","        Luxembourg","3.608","3.405","3.44","3.554","3.783","3.83","3.848","3.939","4.034","4.111","4.14","4.264","4.242","4.387","4.707","5.011","4.907","5.152","5.333","5.524","5.827","6.206","5.907","6.139","6.409","6.169","6.637","6.726","6.627","6.154","6.619","6.514","6.2479","6.2066","6.2065","6.2524","6.3912","6.42","6.4854","6.427","6.1326","6.412","6.122365"
"INTL.2-2-MAC-BKWH.A","        Macau","0.22785","0.25668","0.29481","0.35154","0.39514","0.43481","0.4884","0.57661","0.62955","0.70021","0.77999","0.87748","0.98076","1.14067","1.23647","1.45928","1.3737","1.40032","1.4082","1.43415","1.586","1.67","1.782","1.867","1.999","2.24","2.5","3.05","3.371","3.5237","3.7035","3.9088","4.2493","4.3256","4.5738","4.8805","5.1353","5.2778","5.4139","5.6489","5.2788","5.5368","5.581022063"
"INTL.2-2-MDG-BKWH.A","        Madagascar","0.38781","0.3906","0.40083","0.42036","0.44268","0.44919","0.44826","0.44454","0.4557","0.50313","0.53382","0.52824","0.5394","0.54033","0.54312","0.56637","0.61752","0.64635","0.6975","0.72261","0.795","0.8144","0.8055","0.9115","0.9974","0.9946","1.0065","1.0524","1.1337","1.1527","1.2521","1.398","1.4687","1.5545","1.6148","1.6764","1.7903","1.8715","1.9852","2.0502","2.0641","2.1677","2.24771776"
"INTL.2-2-MWI-BKWH.A","        Malawi","0.37651","0.37","0.39425","0.42587","0.44068","0.45098","0.48167","0.53096","0.53661","0.5394","0.6603","0.70401","0.72819","0.88629","0.93","0.94674","0.94581","0.97185","1.10112","1.07601","1.0967","1.0966","1.1468","1.1754","1.3197","1.3704","1.4046","1.4117","1.5141","1.4687","1.7237","1.7713","1.5929","1.6538","1.8253","1.7473","1.8794","1.6162","1.4795","1.279","1.297","1.05","1.101242975"
"INTL.2-2-MYS-BKWH.A","        Malaysia","9.363","10.005","10.504","11.581","12.634","13.699","13.766","14.834","16.679","19.335","22.35","24.252","25.996","28.735","34.034","39.216","43.372","50.614","52.391","56.361","63.572","65.545","68.175","71.89","87.5725","90.5908","96.7934","94.3092","98.8317","100.7167","109.1203","113.088","126.056","134.297","134.72","141.224","145.333","151.9154","156.9757","164.7222","169.7865","166.4261","181.004486144"
"INTL.2-2-MDV-BKWH.A","        Maldives","0.00372","0.00465","0.00558","0.00651","0.00837","0.01209","0.01395","0.01674","0.01767","0.0186","0.02139","0.02418","0.02604","0.03534","0.03999","0.05022","0.05487","0.06231","0.07161","0.08091","0.136","0.1445","0.1723","0.209","0.233","0.26","0.297","0.335","0.389","0.3754","0.3409","0.3639","0.3922","0.4089","0.5269","0.6025","0.653","0.707","0.762","0.7912","0.8003","0.8138","0.821397231"
"INTL.2-2-MLI-BKWH.A","        Mali","0.09579","0.09579","0.11811","0.13671","0.15252","0.15531","0.18414","0.19995","0.21948","0.22599","0.22413","0.2325","0.25203","0.27156","0.25575","0.28365","0.30318","0.35247","0.35991","0.36456","0.94","0.942","0.7549","0.5378","0.723","0.8995","1.018","1.103","1.262","1.0867","1.6976","2.1311","1.6175","1.7814","1.9207","2.3538","2.355","2.8777","2.8962","2.7706","2.9172","3.0138","3.499696535"
"INTL.2-2-MLT-BKWH.A","        Malta","0.47058","0.51522","0.56544","0.575","0.593","0.663","0.719","0.8","0.873","0.934","1.13","1.224","1.281","1.29","1.308","1.382","1.341","1.364","1.408","1.516","1.682","1.687","1.782","1.942","1.925","1.984","1.985","1.982","1.98","1.83","1.946","1.992","2.071","2.065","2.113","2.1806","2.1685","2.3269","2.3904","2.4814","2.3694","2.5832","2.786116558"
"INTL.2-2-MTQ-BKWH.A","        Martinique","0.23994","0.25947","0.29574","0.34131","0.35619","0.38502","0.41571","0.46686","0.5115","0.55893","0.59613","0.64542","0.69006","0.74493","0.78957","0.85281","0.89094","0.94209","0.95325","0.97185","1.0256","1.1768","1.2227","1.2738","1.3127","1.3442","1.3866","1.3613","1.3731","1.385","1.4444","ie","ie","ie","ie","ie","ie","ie","ie","ie","ie","ie","ie"
"INTL.2-2-MRT-BKWH.A","        Mauritania","0.08277","0.08928","0.093","0.09393","0.09207","0.09579","0.09672","0.10602","0.10695","0.11439","0.12369","0.12648","0.12927","0.12927","0.13299","0.1488","0.16275","0.17577","0.18135","0.18879","0.406","0.4648","0.5184","0.5614","0.5675","0.6064","0.6853","0.6057","0.6987","0.7461","0.8101","0.8627","0.9577","0.9919","1.0416","1.1543","1.197","1.3361","1.4238","1.533","1.638","1.5969","1.657657241"
"INTL.2-2-MUS-BKWH.A","        Mauritius","0.41013","0.40548","0.39897","0.40827","0.4185","0.42129","0.46593","0.52545","0.57009","0.60636","0.66867","0.73191","0.81375","0.86862","0.90582","0.9858","0.86025","0.99789","1.03695","1.25457","1.606","1.744","1.765","1.889","1.9674","2.0494","2.1503","2.2514","2.3404","2.378","2.495","2.543","2.606","2.698","2.7543","2.8182","2.8697","2.9321","2.9484","3.0548","2.7397","2.802","3.287794568"
"INTL.2-2-MEX-BKWH.A","        Mexico","56.71","64.407","69.956","72.852","77.006","82.01","84.793","91.09","94.987","101.542","100.471","104.712","108.144","112.418312","120.955","125.452","132.938","144.58669","148.949","156.832","177.324","183.241","186.766","205.541","200.696","210.864","216.604","222.783","226.561","224.194","230.0527","255.8889","263.9951","254.7564","259.7317","269.3299","280.086","278.9074","308.8281","298.6952","280.8658","284.6493","296.9691321"
"none","        Micronesia","","","","","","","","","","","","","","","","","","","","","","","","","","","","","","","","","","","","","","","","","","",""
"INTL.2-2-MDA-BKWH.A","        Moldova","--","--","--","--","--","--","--","--","--","--","--","--","9.301","6.121","6.841","6.093","5.841","5.477","5.355","4.113","6.334","7.102","7.501","8.922","8.247","8.64","9.099","8.308","8.346","7.208","5.486","5.823","6.024","5.373","5.461","5.513","5.275","5.523","5.7542","5.769","5.793","6.233","5.579470679"
"INTL.2-2-MNG-BKWH.A","        Mongolia","1.65838","1.82352","2.09553","2.23966","2.39604","2.498","2.722","2.786","2.899","3.233","2.984","2.779","2.584","2.186","2.18","2.35","2.37","2.344","2.343","2.305","2.492","2.554","2.658","2.7861","2.9614","3.1524","3.3144","3.4644","3.747","3.6835","4.0489","4.1435","4.485","5.4569","5.8985","6.0962","6.2603","6.764","7.3233","7.7428","7.3132","8.2131","8.602347067"
"INTL.2-2-MNE-BKWH.A","        Montenegro","--","--","--","--","--","--","--","--","--","--","--","--","--","--","--","--","--","--","--","--","--","--","--","--","--","--","3.968","4.043","3.879","3.177","3.497","3.567","3.361","2.842","2.745","2.94","2.904","3.0912","3.1117","3.1935","2.9724","3.1021","2.963248737"
"INTL.2-2-MSR-BKWH.A","        Montserrat","0.01023","0.01116","0.01116","0.01116","0.01116","0.01116","0.01116","0.01209","0.01209","0.01302","0.01209","0.01302","0.01302","0.01395","0.01395","0.01488","0.01488","0.01581","0.01302","0.01302","0.0114","0.0085","0.0089","0.0092","0.0101","0.011","0.0111","0.0112","0.0117","0.0118","0.012","0.0115","0.0119","0.0119","0.0122","0.0124","0.0129","0.0129","0.0135","0.0133","0.0132","0.014","0.013968366"
"INTL.2-2-MAR-BKWH.A","        Morocco","4.409","4.774","5.13","5.612","5.776","5.884","6.568","7.018","7.656","7.744","8.37","8.877","9.804","10.218","10.35","11.404","11.617","12.114","12.935","13.103","14.955","15.849","14.8191","16.2171","17.4091","18.8061","20.5141","21.6621","22.4721","23.1501","24.0596","26.2491","28.065","27.361","28.7774","29.3494","30.244","31.6308","31.7167","32.6467","32.1013","33.717","35.277612796"
"INTL.2-2-MOZ-BKWH.A","        Mozambique","13.369","3.396","2.813","5.286","0.411","0.307","0.413","0.432","0.456","0.471","0.694","0.812","0.672","1.08","0.896","0.807","0.777","0.881","0.785","1.967","2.097","4.936","4.86","7.13","8.821","9.11","9.529","9.805","9.727","9.991","10.667","11.198","11.4911","11.5684","11.786","12.489","13.041","13.317","13.0653","13.7188","12.8471","12.9699","13.090042035"
"INTL.2-2-NAM-BKWH.A","        Namibia","--","--","--","--","--","--","--","--","--","--","0.586","0.45","0.32","0.755","0.585","1.728","1.732","1.65","1.279","1.706","1.912","1.99","2.09","2.21","2.778","2.974","3.182","3.227","3.355","3.301","3.368","3.488","3.671","3.797","3.784","3.826","3.961","4.1326","4.2971","4.1533","3.884","3.551","3.432911412"
"INTL.2-2-NRU-BKWH.A","        Nauru","0.02232","0.02232","0.02232","0.02325","0.02418","0.02418","0.02511","0.02511","0.02511","0.02511","0.02511","0.02511","0.02604","0.02604","0.02604","0.0279","0.0279","0.0279","0.0279","0.02883","0.03","0.027","0.027","0.028","0.0289","0.0247","0.0142","0.018","0.0174","0.0192","0.0204","0.0208","0.0164","0.0169","0.0172","0.0194","0.0209","0.0257","0.0283","0.0328","0.0319","0.0368","0.037479813"
"INTL.2-2-NPL-BKWH.A","        Nepal","0.2","0.232","0.218","0.321","0.336","0.337","0.377","0.455","0.497","0.509","0.768","0.72","0.737","0.751","0.797","0.984","0.92","0.825","1.073","1.341","1.392","1.552","1.65","1.77","1.868","1.962","2.161","2.286","2.201","2.58","2.7441","3.1081","3.2412","3.6585","3.9385","3.9251","4.9164","5.7077","6.4641","6.5801","7.4371","9.015","9.326882473"
"INTL.2-2-NLD-BKWH.A","        Netherlands","59.916","59.286","58.135","59.221","61.157","62.092","63.019","65.874","69.319","71.557","72.882","75.948","78.124","79.544653","82.263","84.141","87.217","89.31408","92.532","94.932","103.998","106.304","107.713","109.113","112.631","113.254","115.412","117.729","118.359","113.816","116.04","117.4777","114.8325","114.4574","112.7887","112.0468","113.1008","113.6146","116.1754","115.6105","114.7038","116.2769","111.7565331"
"INTL.2-2-NLDA-BKWH.A","        Netherlands Antilles","0.893","0.902","1.039","1.066","0.982","0.944","0.804","0.538","0.546","0.581","0.631","0.641","0.692","0.745","0.8","0.83","0.869","0.868","0.919","0.917","0.984","1.003","1.007","1.063","1.087","1.119","1.094","1.126","1.106","1.155","1.1792","1.2022","1.2219","1.1914","1.2226","1.2576","1.239","1.1958","1.1621","1.1891","1.1187","1.1922","1.207219549"
"INTL.2-2-NCL-BKWH.A","        New Caledonia","1.23132","1.09368","0.85374","0.65565","0.81654","0.99975","0.9858","0.88629","1.05648","1.06671","1.02114","1.03602","1.03974","1.03974","1.13646","1.46475","1.31595","1.3485","1.40895","1.43778","1.616","1.7028","1.7228","1.7335","1.6528","1.8601","1.8489","1.898","1.7972","1.8775","2.0592","2.1861","2.2145","2.4374","2.9536","2.8428","3.0391","3.1606","3.421","3.3483","3.0808","2.6487","2.666034403"
"INTL.2-2-NZL-BKWH.A","        New Zealand","20.16710271861204","20.42285271861204","21.59922771861204","23.30465521861204","24.36195921861204","24.80208839764814","25.94442259651434","26.07516920344074","27.44064897418204","27.42026893459749","29.44497864888979","30.39158865567268","29.89547366231442","31.28643272233093","31.87583946372813","33.02829406989068","33.32514234000362","33.63554819114173","34.00238546327168","34.0733763963372","35.8682","36.2512","37.2107","37.4805","39.2547","39.5062","40.0201","40.3659","40.2704","39.9716","41.2168","40.8512","40.7365","39.8173","40.076","40.667","40.2114","40.8059","40.8829","40.9024","40.5647","41.7322","41.4656618"
"INTL.2-2-NIC-BKWH.A","        Nicaragua","0.901","0.956","0.994","1.091","1.108","1.063","0.935","1.207","1.161","1.289","1.306","1.122","1.183","1.163","1.133","1.185","1.275","1.423","1.456","1.563","1.6831","1.7192","1.7723","1.8763","2.0033","2.0533","2.3306","2.4243","2.5328","2.6213","2.6823","2.8463","3.097","3.2235","3.3784","3.5102","3.7272","3.8561","3.8783","3.9162","3.8116","4.1023","4.169202438"
"INTL.2-2-NER-BKWH.A","        Niger","0.20146","0.24648","0.24746","0.2712","0.24804","0.26292","0.29278","0.31564","0.3215","0.32729","0.33394","0.32843","0.33229","0.33157","0.32534","0.31927","0.33299","0.3262","0.34148","0.28206","0.371","0.362","0.371","0.377","0.44","0.5","0.493","0.574","0.598","0.675","0.728","0.811","0.878","0.893","0.991","1.111","1.357","1.2084","1.266","1.3829","1.4345","1.5194","1.593886395"
"INTL.2-2-NGA-BKWH.A","        Nigeria","4.685","5.685","5.949","6.061","6.044","6.446","8.325","7.251","7.278","8.345","8.027","8.189","8.425","8.273","7.996","7.908","7.631","7.884","8.554","8.36","11.773","12.358","17.219","16.12","19.413","18.844","18.501","19.544","17.956","16.823","22.218","22.994","24.434","24.589","27.438","28.196","31.057","27.4071","28.3947","28.1624","29.8155","30.653","31.569929015"
"INTL.2-2-NIU-BKWH.A","        Niue","0.00186","0.00279","0.00279","0.00279","0.00279","0.00279","0.00279","0.00279","0.00279","0.00279","0.00279","0.00279","0.00279","0.00279","0.00279","0.00279","0.00279","0.00279","0.00279","0.00279","0.0028","0.0028","0.0028","0.0028","0.0028","0.0027","0.0027","0.0027","0.0027","0.0028","0.0029","0.003","0.0031","0.0031","0.003","0.0031","0.0031","0.0031","0.003","0.0029","0.003","0.003","0.003"
"INTL.2-2-PRK-BKWH.A","        North Korea","20.2","20.768","22.733","22.887","25.827","28.608","30.08","30.698","32.428","32.566","32.885","32.837","23.968","23.419","23.23","23.084","21.082","19.025","18.174","15.147","16.232","16.901","16.544","17.562","18.375","19.1605","18.7636","17.9886","19.3931","19.6613","19.8204","17.5504","17.9694","18.4744","18.0674","15.9214","20.0294","19.7048","20.8776","20.0838","20.2513","21.5254","18.239688606"
"INTL.2-2-MKD-BKWH.A","        North Macedonia","--","--","--","--","--","--","--","--","--","--","--","--","5.523","4.899","5.027","5.103","5.456","5.558","5.811","5.44","5.879","5.715","5.637","6.369","6.449","6.934","7.102","7.47","7.592","7.066","7.377","8.0326","7.6251","7.3551","7.253","7.1045","6.6258","6.556","6.5152","6.6351","6.5504","6.8064","5.790809482"
"INTL.2-2-MNP-BKWH.A","        Northern Mariana Islands","","","","","","","","","","","","","","","","","","","","","","","","","","","","","","","","","","","","","","","","","","ie","ie"
"INTL.2-2-NOR-BKWH.A","        Norway","75.112","78.076","78.1","83.115","89.195","91.946","90.684","93.863","94.846","95.189","97.448","99.716","100.21885","101.586","102.558","104.516","103.945","104.129","110.537","110.449","112.994","115.512","109.615","103.787","109.184","113.383","110.502","114.011","115.689","112.769","120.448","114.81","118.574","119.363","116.842","119.844","123.193","124.58","127.231","124.8793","127.064","129.8325","121.8992527"
"INTL.2-2-OMN-BKWH.A","        Oman","0.798","0.95","1.337","1.59","2.023","2.426","3.02","3.247","3.697","3.956","3.696","3.803","4.173","4.772","5.039","5.218","5.454","5.832","6.402","6.446","7.262","7.885","8.223","8.47","9.365","9.839","10.495","11.227","13.179","15.105","16.792","19.032","21.607","23.3697","25.9587","29.5918","30.9828","32.825","34.06","35.289","34.79","37.4","39.012450237"
"INTL.2-2-PAK-BKWH.A","        Pakistan","10.157","11.417","15.41","16.977","19.074","21.82","23.855","26.011","29.904","31.801","30.54","31.409","35.409","33.573242","39.864","38.852582","38.402","42.557","40.043","44.938","49.953","53.241","55.723","61.782","65.036","72.191","77.792","77.603","73.848","77.403","79.488","79.039","82.086","88.3633","90.74","96.053","99.818","109.806","112.732","110.674","123.304","135.838","145.99922282"
"INTL.2-2-PSE-BKWH.A","        Palestinian Territories","--","--","--","--","--","--","--","--","--","--","--","--","--","--","--","--","--","1.031","1.683","1.523","2.015","1.8269","2.1333","2.2853","2.4545","2.7571","2.8218","2.9561","3.5181","3.5869","3.9375","3.8996","4.8344","4.7433","4.6419","5.2163","5.2895","5.3886","5.5762","6.2164","6.4762","6.7226","6.746342304"
"INTL.2-2-PAN-BKWH.A","        Panama","1.507","1.69","1.821","1.967","1.944","2.049","2.226","2.34","2.272","2.104","2.214","2.34","2.295","2.528","2.561","2.88","3.351","3.172","2.77","3.429","3.838","3.983","4.17","4.363","4.656","4.846","5.013","5.4288","5.721","5.8682","6.335","6.806","7.39","7.761","8.076","8.7871","9.007","9.2831","9.4675","9.9898","9.2747","10.4805","11.607555166"
"INTL.2-2-PNG-BKWH.A","        Papua New Guinea","1.10577","1.08624","1.1532","1.27224","1.31688","1.37082","1.48614","1.5903","1.54566","1.57263","1.58565","1.58565","1.58565","1.58565","1.5903","1.41639","1.58286","1.45452","1.93905","1.75119","2.027","2.514","2.712","3.019","3.269","3.0655","2.9555","2.8285","2.8235","2.9825","3.0965","3.2285","3.2985","3.5529","3.7618","4.0864","4.4149","3.9745","4.1726","3.9988","3.8405","4.3462","4.52406574"
"INTL.2-2-PRY-BKWH.A","        Paraguay","0.721","0.815","0.832","0.861","1.032","1.386","1.846","2.683","2.83","2.76","2.345","2.576","2.521","2.574","2.753","3.263","3.967","3.549","3.822","3.947","4.707","4.726","4.875","4.709","4.7245","5.0087","5.4194","5.8476","6.2507","6.7677","7.3188","8.0719","8.7271","9.7762","10.6189","11.1734","11.7053","12.1912","13.1201","13.3659","14.2764","14.122","17.485852611"
"INTL.2-2-PER-BKWH.A","        Peru","8.65744","9.3534","10.10706","9.68822","10.45504","10.74408","11.40754","12.09052","11.5199","11.58286","11.307","12.31","10.535","11.808","11.231","13.429","14.056","14.653","15.767","16.339","17.6285","18.5421","19.7071","20.6071","21.8961","23.1173","24.8091","27.3911","29.7721","30.1801","32.1441","36.9521","36.592","38.942","40.697","42.8755","46.11","47.1928","49.0106","50.6644","46.4066","50.1854","50.868437723"
"INTL.2-2-PHL-BKWH.A","        Philippines","16.765","15.349","15.988","16.865","16.944","18.07","17.677","16.446","18.356","20.858","21.459","20.698","19.03","19.884","24.575","26.485","29.12","31.569","34.025","33.741","38.945","41.346","42.497","46.13","48.73","49.75","49.898","52.003","53.141","54.379","59.935","61.474","64.543","67.495","69.774","74.913","82.5","86.0983","90.7473","96.0346","92.0047","96.1412","102.833524254"
"INTL.2-2-POL-BKWH.A","        Poland","101.019","95.575","96.655","102.171","106.52","110.962","116.002","121.1","123.521","123.086","114.361","107.914","103.209","104.181","105.022","107.654","111.29922","113.58","113.445","111.397","121.767","122.066","120.386","124.709","127.872","128.654","134.998","138.421","141.069","136.057","143.521","146.8822","147.632","148.788","149.896","152.912","157.9955","161.6173","165.7058","164.0242","158.2226","160.124","156.8690211"
"INTL.2-2-PRT-BKWH.A","        Portugal","14.906","15.058","15.973","16.887","17.319","18.436","19.341","20.358","20.466","23.065","23.965","25.189","25.92","26.271","27.389","29.226","30.754","32.48895","34.302","36.159","40.375","42.066","43.756","45.123","47.022","48.572","49.983","50.92","50.504","50.179","51.6189","50.2455","48.3184","47.3127","47.1587","48.1308","48.5566","49.1571","50.1358","49.4979","47.9378","48.7045","50.2553853"
"INTL.2-2-PRI-BKWH.A","        Puerto Rico","12.36993","12.14394","10.33602","10.53318","10.95819","10.77498","11.26137","12.03792","12.60336","12.52245","13.24908039","13.82033382","14.36463306","15.0462096","15.65602734","16.18863276","16.62746442","17.43110067","17.86750503","18.69666792","20.5372","20.9774","21.7841","22.4846","22.7086","23.462","23.4721","23.2027","21.8573","21.6637","21.8496","20.9264","20.9712","20.201","19.801","19.6554","19.4041","15.3884","16.9294","17.7631","17.647","17.7494","18.099816213"
"INTL.2-2-QAT-BKWH.A","        Qatar","2.033","2.303","2.611","2.825","3.049","3.497","3.846","3.939","3.909","4.137","4.279","4.112","4.564","4.871","5.105","5.155","5.789","6.044","7.112","7.807","8.501","9.257","10.176","11.175","12.317","13.377","15.866","18.074","20.086","22.641","26.377","28.816","32.63","32.5888","36.4595","39.1495","39.9064","42.9974","45.2704","47.2271","46.6274","48.8595","51.078736451"
"INTL.2-2-REU-BKWH.A","        Reunion","0.31527","0.35805","0.39804","0.45105","0.47337","0.51429","0.56079","0.62124","0.68727","0.73005","0.81747","0.88536","0.9765","0.98766","0.99882","1.07136","1.12995","1.3113","1.39407","1.39779","1.576","1.741","1.722","1.813","1.945","2.131","2.156","2.236","2.3003","2.3891","2.4645","ie","ie","ie","ie","ie","ie","ie","ie","ie","ie","ie","ie"
"INTL.2-2-ROU-BKWH.A","        Romania","59.543","62.258","62.039","63.398","65.926","67.505","71.794","71.281","74.159","75.104","64.647","53.477","50.139","49.034","48.186","50.154","51.684","48.270215","45.158","41.389","44.404","45.266","44.792","47.916","48.983","49.988","51.392","52.2015","52.626","47.404","50.263","51.952","50.982","48.4718","49.915","50.979","51.381","52.9916","53.7772","53.1524","51.1995","54.129","49.805148939"
"INTL.2-2-RUS-BKWH.A","        Russia","--","--","--","--","--","--","--","--","--","--","--","--","864.351","807.823","701.881","712.081","700.221","689.786","675.259","688.434","746.128","749.48","754.485","773.805","794.641","807.4508","848.8817","875.4089","892.9808","849.9295","894.6943","906.4551","930.1154","920.4686","930.329","928.726","947.148","956.0297","967.1784","979.2034","972.5343","1028.4143","1025.536757405"
"INTL.2-2-RWA-BKWH.A","        Rwanda","0.15681","0.15351","0.15348","0.15222","0.16252","0.17045","0.16129","0.17224","0.17603","0.18175","0.16617","0.17231","0.17082","0.15501","0.1598","0.15966","0.15092","0.16952","0.22152","0.18083","0.208","0.217","0.239","0.238","0.208","0.222","0.262","0.2642","0.2942","0.2962","0.2902","0.3362","0.3852","0.3685","0.4202","0.4849","0.5841","0.5487","0.7337","0.7343","0.7518","0.869","0.861284913"
"INTL.2-2-SHN-BKWH.A","        Saint Helena","0.00186","0.00186","0.00186","0.00186","0.00186","0.00186","0.00279","0.00372","0.00372","0.00465","0.00465","0.00465","0.00465","0.00465","0.00558","0.00558","0.00558","0.00558","0.00558","0.00465","0.0064","0.0067","0.0069","0.0071","0.0074","0.0074","0.0075","0.0077","0.0074","0.0079","0.0075","0.0075","0.0081","0.0079","0.0068","0.006","0.0062","0.0068","0.0069","0.0073","0.0067","0.0069","0.0069625"
"INTL.2-2-KNA-BKWH.A","        Saint Kitts and Nevis","0.03162","0.03162","0.03255","0.03069","0.03069","0.03069","0.03069","0.03162","0.03255","0.03255","0.05673","0.07347","0.07347","0.06045","0.0651","0.07068","0.07161","0.07905","0.08091","0.08556","0.1244","0.1335","0.1493","0.1473","0.1498","0.1584","0.159","0.174","0.167","0.1788","0.1723","0.1824","0.1792","0.18","0.18","0.1838","0.1889","0.181","0.187","0.1898","0.1764","0.1753","0.177454728"
"INTL.2-2-LCA-BKWH.A","        Saint Lucia","0.05022","0.05394","0.05301","0.05952","0.05952","0.06324","0.0651","0.06975","0.09021","0.09021","0.09114","0.09207","0.13299372","0.14899158","0.15794934","0.1718454","0.17312043","0.18633294","0.20620704","0.22396539","0.2461","0.2559","0.2513","0.2639","0.2784","0.2906","0.2975","0.311","0.3162","0.3294","0.3449","0.348","0.3443","0.3493","0.346","0.3525","0.3633","0.3741","0.3771","0.3844","0.3463","0.3626","0.360339687"
"INTL.2-2-SPM-BKWH.A","        Saint Pierre and Miquelon","0.01488","0.0186","0.02232","0.02232","0.0279","0.03069","0.03255","0.03348","0.03534","0.03906","0.0372","0.03906","0.03906","0.0372","0.03813","0.03627","0.03627","0.03627","0.0372","0.0372","0.035","0.0352","0.0379","0.0382","0.0395","0.0387","0.0381","0.0408","0.0415","0.041","0.0435","0.0444","0.0419","0.0457","0.0463","0.0445","0.0448","0.046","0.0475","0.0492","0.0487","0.0488","0.048714396"
"INTL.2-2-VCT-BKWH.A","        Saint Vincent/Grenadines","0.02418","0.02511","0.0279","0.0279","0.03162","0.03534","0.0372","0.03999","0.04371","0.04464","0.04557","0.04743","0.05115","0.0558","0.05673","0.06417","0.06789","0.07068","0.07533","0.07533","0.082","0.089","0.0914","0.0987","0.1102","0.1211","0.1204","0.1305","0.1277","0.1284","0.1317","0.1247","0.1339","0.1323","0.132","0.1372","0.1424","0.1397","0.1389","0.146","0.1622","0.1621","0.162316069"
"INTL.2-2-WSM-BKWH.A","        Samoa","0.03441","0.03441","0.03906","0.03534","0.03627","0.0372","0.03999","0.04092","0.04092","0.04464","0.04464","0.04464","0.05394","0.05394","0.05766","0.06138","0.06882","0.07161","0.08184","0.08835","0.0655","0.0923","0.1019","0.0937","0.0974","0.0992","0.0992","0.1021","0.104","0.1153","0.1064","0.1153","0.0926","0.0995","0.1122","0.114","0.1282","0.1474","0.1394","0.1425","0.1555","0.1404","0.177279299"
"INTL.2-2-STP-BKWH.A","        Sao Tome and Principe","0.00837","0.00837","0.01023","0.01023","0.01395","0.01395","0.01302","0.01395","0.01395","0.01395","0.01395","0.01395","0.01395","0.01395","0.01674","0.01767","0.0186","0.01953","0.02046","0.02418","0.0215","0.0177","0.0219","0.0235","0.0253","0.0283","0.03","0.032","0.034","0.0375","0.0421","0.0472","0.0458","0.0429","0.0467","0.0618","0.066","0.069","0.0683","0.0757","0.0727","0.0681","0.09523472"
"INTL.2-2-SAU-BKWH.A","        Saudi Arabia","19.103","23.18","29.179","31.986","37.907","40.281","46.901","47.388","52.26","57.133","60.914","64.338","67.819","75.432","85.163","91.889","94.551","99.521","108.244","107.131","117.06","126.098","131.908","145.998","146.948","157.545","167.636","174.845","186.488","199.117","218.681","226.505","265.5003","282.999","315.9237","334.9553","342.0818","346.9852","355.9684","356.9167","358.2001","371.7472","393.213081141"
"INTL.2-2-SEN-BKWH.A","        Senegal","0.494","0.525","0.529","0.505","0.534","0.579","0.588","0.471","0.45","0.616","0.737","0.752","0.826","0.815","0.886","0.889","0.911","0.998","1.067","1.051","0.898","1.1538","1.557","1.534","1.647","1.9","2.02","2.288","2.113","2.802","2.986","3.064","3.346","3.517","3.898","4.148","4.456","4.378","4.5904","5.3301","5.5069","5.955","7.025429653"
"INTL.2-2-SRB-BKWH.A","        Serbia","--","--","--","--","--","--","--","--","--","--","--","--","--","--","--","--","--","--","--","--","--","--","--","--","--","--","29.094","29.86","30.668","30.023","30.733","31.618","30.71","30.839","29.563","31.122","31.584","32.1276","31.9449","32.2476","29.3855","30.3534","30.677855606"
"INTL.2-2-SYC-BKWH.A","        Seychelles","0.04371","0.04743","0.04929","0.05208","0.05208","0.05766","0.05766","0.0651","0.07254","0.0744","0.08835","0.093","0.09579","0.1023","0.10974","0.11253","0.11625","0.12927","0.13857","0.15066","0.1801","0.184","0.1945","0.2057","0.2067","0.2731","0.2965","0.3165","0.3132","0.3165","0.3404","0.3633","0.3751","0.3954","0.4048","0.4299","0.4529","0.4733","0.477","0.5301","0.5481","0.5551","0.571296942"
"INTL.2-2-SLE-BKWH.A","        Sierra Leone","0.17484","0.19716","0.20832","0.21204","0.22599","0.15345","0.13764","0.13671","0.14973","0.19437","0.19623","0.20088","0.20088","0.20367","0.20739","0.0837","0.12555","0.0837","0.09579","0.06324","0.085","0.1225","0.1397","0.1256","0.0989","0.0648","0.0369","0.04","0.001","-0.0019","0.0623","0.083","0.0982","0.089","0.0825","0.1019","0.1201","0.1361","0.1819","0.1272","0.1229","0.122","0.122083369"
"INTL.2-2-SGP-BKWH.A","        Singapore","6.07","6.514","6.893","7.593","8.242","8.746","9.398","10.541","11.644","12.369","14.035","15.191","16.348","17.576","19.215","20.546","21.613","24.133","25.495","26.483","30.513","31.102","32.39","33.386","34.643","37.019","38.38","39.951","40.657","40.496","44.107","44.848","46.079","46.867","48.378","49.53","50.692","51.7387","52.5811","53.8989","52.9012","55.7383","57.0293017"
"INTL.2-2-SVK-BKWH.A","        Slovakia","--","--","--","--","--","--","--","--","--","--","--","--","--","23.4265","23.9585","24.362","26.252","25.266","25.306","24.501","25.435","25.856","25.913","25.7742","26.307","24.891","25.938","26.835","26.87","25.2702","25.606","26.646","25.857","26.027","25.849","26.189","26.82","27.862","27.8056","26.9096","25.9919","28.4228","26.3715746"
"INTL.2-2-SVN-BKWH.A","        Slovenia","--","--","--","--","--","--","--","--","--","--","--","--","9.069","8.859","9.812","9.666","9.572","9.966","10.284","10.478","11.217","11.689","12.462","12.843","13.333","13.534","14.001","14.1052","13.647","12.1227","12.7509","13.301","13.2278","13.2423","13.12","13.4742","13.7313","14.1799","14.3442","14.317","13.578","13.6571","13.0810045"
"INTL.2-2-SLB-BKWH.A","        Solomon Islands","0.0186","0.02232","0.02232","0.02232","0.02418","0.02511","0.02604","0.02604","0.02604","0.02604","0.0279","0.0279","0.0279","0.0279","0.0279","0.03069","0.03534","0.03906","0.04371","0.04836","0.0572","0.0509","0.0521","0.0543","0.0544","0.0631","0.064","0.0744","0.0754","0.0741","0.0766","0.0732","0.0738","0.0797","0.0849","0.0861","0.0927","0.093","0.0909","0.0916","0.091","0.0899","0.089564596"
"INTL.2-2-SOM-BKWH.A","        Somalia","0.10509","0.06975","0.0744","0.093","0.12276","0.19344","0.22134","0.2232","0.22506","0.22599","0.22878","0.23157","0.23157","0.23436","0.23715","0.23808","0.24087","0.24087","0.2418","0.24273","0.2335","0.25","0.263","0.266","0.266","0.266","0.27","0.28","0.294","0.295","0.295","0.301","0.3091","0.3171","0.3171","0.318","0.3188","0.3202","0.3499","0.3509","0.355","0.3605","0.362984978"
"INTL.2-2-ZAF-BKWH.A","        South Africa","85.519","98.892","103.266","104.497","119.026","124.624","132.13","134.021","140.348","144.62","144.692","146.26","143.58","148.02","154.1","161.668","165.373","172.357","172.043","173.851","202.472","193.876","206.675","209.031","213.63","218.821","224.944","235.3429","228.2127","218.6598","229.5769","232.9875","227.146","225.7707","225.935","223.116","220.729","221.935","221.965","218.2887","205.7129","209.368","200.56490318"
"INTL.2-2-KOR-BKWH.A","        South Korea","32.064","34.657","36.97","41.587","46.327","50.146","55.935","63.546","73.367","81.014","94.492","107.473","118.985","126.06542","163.29574","180.03793","199.95062","218.276237","212.458","212.019","270.0686","290.818","308.833","325.392","346.795","364.41","379.447","403.716","420.283","427.261","470.9058","494.3396","505.6125","511.1631","517.7306","520.9528","530.2813","533.8977","558.4844","548.1595","555.2503","571.554","586.7662884"
"INTL.2-2-SSD-BKWH.A","        South Sudan","--","--","--","--","--","--","--","--","--","--","--","--","--","--","--","--","--","--","--","--","--","--","--","--","--","--","--","--","--","--","--","--","0.419","0.445","0.451","0.551","0.498","0.5184","0.5262","0.5347","0.5358","0.559","0.595603745"
"INTL.2-2-ESP-BKWH.A","        Spain","97.231","99.205","99.595","104.163","108.653","111.865","114.255","114.291","115.046","125.859","129.219","131.902","133.969","133.844","139.597","145.402","150.65","162.581","168.488","180.703","201.334","213.786","220.709","231.28","241.844","252.6826","262.5041","266.4855","270.1139","255.5539","256.698","254.11","250.941","242.171","239.55","244.897","245.849","252.743","251.78","247.2556","231.2958","237.0356","232.6604536"
"INTL.2-2-LKA-BKWH.A","        Sri Lanka","1.398","1.5","1.686","1.744","1.854","2.044","2.215","2.23","2.344","2.336","2.593","2.718","2.577","3.223","3.553","3.87","3.646","4.109","4.481","4.746","5.4696","5.4874","5.7696","6.6333","7.3489","7.3096","7.1518","8.3008","8.4775","8.5395","9.2568","10.1826","10.6686","10.7986","11.4087","12.2697","13.3687","14.0761","14.6437","15.3642","14.6219","4.677","10.400787933"
"INTL.2-2-SDN-BKWH.A","        Sudan","0.58","0.782","0.83","0.878","1.053","1.09","1.128","1.137","1.022","1","1.239","1.217","1.251","1.223","1.289","1.297","1.342","1.282","1.421","1.968","2.223","1.81","2.258","2.663","2.646","3.173","3.602","3.978","4.433","5.188","6.125","6.778","7.7785","8.305","9.3572","10.346","11.976","13.4436","13.6257","13.009","14.1933","14.7606","14.875449241"
"INTL.2-2-SUR-BKWH.A","        Suriname","1.446","1.254","1.231","1.003","1.041","1.116","1.105","0.623","0.822","1.251","1.41","1.564","1.607","1.63","1.65","1.474","1.289","1.295","1.303","1.32","0.857","0.928","1.1116","1.1882","1.3053","1.5612","1.4368","1.3552","1.3555","1.3777","1.8062","1.356","1.496","1.5652","1.6457","1.6246","1.6008","1.5859","1.5705","1.6421","1.8005","1.8555","1.853444252"
"INTL.2-2-SWE-BKWH.A","        Sweden","86.436","89.64","92.349","102.763","111.686","121.77","121.334","129.113","130.31","131.254","130.235","132.002","129.713","130.16","129.062","131.873","131.4086","131.792","132.67","132.392","135.428","138.094","136.085","133.611","135.7021","135.7137","135.8619","136.1368","133.6379","128.5369","137.5966","129.565","133.0792","129.9996","127.7956","130.4117","133.1253","133.212","133.1319","129.6794","128.2936","132.7755","129.9342564"
"INTL.2-2-CHE-BKWH.A","        Switzerland","34.615","35.71","36.258","37.462","39.017","40.349","41.468","42.852","44.173","46.366","46.815","47.94","48.24","47.782","48.229","49.073","48.918","48.92457","49.622","49.78","50.087","51.476","51.83","53.006","54.046","55.3426","55.7169","55.2121","56.5809","55.2759","57.536","56.6371","56.737","57.068","55.1231","55.9373","56.1566","56.4313","55.3173","54.899","56.2643","58.002","57.18728026"
"INTL.2-2-SYR-BKWH.A","        Syria","2.953","3.543","4.659","6.317","7.244","7.685","7.561","7.247","5.354","5.753","5.268","5.11","4.259","4.918","5.791","9.829","11.206","11.556","13.814","14.337","17.509","19.217","21.135","23.405","25.008","28.649","29.514","30.652","32.248","34.021","36.241","32.667","25.375","19.379","16.608","13.963","14.237","14.1073","13.8606","13.6375","12.6523","13.063","12.908644696"
"INTL.2-2-TWN-BKWH.A","        Taiwan","39.227","38.709","40.776463967","45.195030813","48.96795165","51.434897632","57.669132673","63.298425701","70.406041899","76.997411857729","82.639094585929","91.250751456208","97.377641733448","106.028835463307","113.466864057786","120.968465692177","128.757236661315","138.08368173097","148.90940654818","155.90199611971","171.9365","175.4791","185.3729","195.3111","205.3703","213.8775","221.3047","229.0774","225.7812","216.6057","233.7908","238.5171","237.7821","241.5118","247.3346","246.2696","251.6314","257.2511","262.1835","261.2232","266.5748","278.2304","274.028839809"
"INTL.2-2-TJK-BKWH.A","        Tajikistan","--","--","--","--","--","--","--","--","--","--","--","--","16.213","14.165","13.783","13.655","13.401","12.899","12.772","13.118","13.437","13.542","13.757","13.99","14.392","14.594","14.799","14.642","14.038","14.075","14.251","13.942","13.868","13.643","12.063","13.155","13.169","13.919","14.478","15.635","16.0608","14.225","14.319870682"
"INTL.2-2-TZA-BKWH.A","        Tanzania","1.1","1.149","1.139","1.147","1.141","1.122","1.077","1.083","1.118","1.237","1.367","1.479","1.415","1.399","1.33","1.558","1.796","1.576","2.213","1.812","2.008","2.204","2.482","2.522","2.251","3.172","2.641","3.381","3.668","3.177","4.336","4.063","4.682","4.908","5.187","5.489","5.802","6.046","6.5064","6.8533","6.8547","7.628","7.93083016"
"INTL.2-2-THA-BKWH.A","        Thailand","12.916","13.633","14.861","17.422","19.343","20.955","22.820502322","25.7992451","29.143807449","33.776441653","39.558572302","42.555978295","48.432521792","55.213787987","61.078375342","69.74728867","76.344139835","75.912747276","75.902512568","79.386135031","90.6721","94.1888","103.1224","109.612","116.8781","123.3491","129.6291","136.3774","138.7651","139.091","153.3947","152.2534","167.9294","170.6406","173.9249","176.8787","194.3027","193.3531","194.5825","200.305","193.1727","194.2243","199.672407102"
"INTL.2-2-BHS-BKWH.A","        The Bahamas","0.74307","0.66402","0.70866","0.76167","0.75702","0.78678","0.79143","0.79329","0.79515","0.8091","0.83049","0.99231","1.01835","1.06392","1.11693","1.09647","1.12809","1.19226","1.29549","1.36152","1.4608","1.5545","1.6232","1.7171","1.7157","1.916","1.804","1.922","1.961","1.859","1.9495","1.9956","1.8489","1.844","1.89","1.989","1.958","1.9801","1.9899","2.0005","2.0105","2.0205","2.020501105"
"INTL.2-2-TLS-BKWH.A","        Timor-Leste","--","--","--","--","--","--","--","--","--","--","--","--","--","--","--","--","--","--","--","--","--","--","--","0.053","0.053","0.055","0.058","0.0738","0.0885","0.1057","0.1086","0.1121","0.101","0.236","0.28","0.2763","0.3346","0.3441","0.3625","0.4142","0.4046","0.412","0.414760373"
"INTL.2-2-TGO-BKWH.A","        Togo","0.212","0.236","0.264","0.252","0.252","0.301","0.311","0.341","0.349","0.383","0.403","0.453","0.469","0.595","0.518","0.622","0.601","0.509","0.68","0.663","0.516","0.4647","0.5006","0.5494","0.59","0.599","0.6293","0.5883","0.6597","0.7389","0.7714","0.9146","1.1178","0.7998","1.6363","0.8259","1.5023","1.3757","1.275","1.4572","1.4181","1.5337","1.562150118"
"INTL.2-2-TON-BKWH.A","        Tonga","0.00837","0.01116","0.01116","0.01116","0.01116","0.01116","0.01116","0.01488","0.0186","0.01953","0.02139","0.02232","0.02325","0.02325","0.02511","0.02604","0.02976","0.03162","0.03255","0.03069","0.0382","0.035","0.0362","0.0408","0.0433","0.043","0.043","0.044","0.045","0.0466","0.0447","0.0466","0.0477","0.0494","0.0514","0.0522","0.0554","0.0616","0.0628","0.0663","0.0679","0.069","0.069135915"
"INTL.2-2-TTO-BKWH.A","        Trinidad and Tobago","1.706","1.964","2.378","2.42","2.47","2.446","2.799","2.949","2.981","2.883","3.065","3.035","3.285","3.275","3.369","3.636","3.82","4.289","4.442","4.505","5.06","5.215","5.215","6.124","6.06","6.669","6.897","7.422","7.507","7.552","8.22","8.529","8.893","9.271","9.177","9.322","9.166","9.0481","8.7992","8.7649","8.8032","8.841","8.981356355"
"INTL.2-2-TUN-BKWH.A","        Tunisia","2.264","2.416","2.594","3.063","3.223","3.444","3.43","3.759","4.024","4.18","4.597","4.796","5.159","5.236","5.613","6.193","6.824","7.292","7.581","8.348","9.479","10.139","10.523","9.879","10.367","10.95","11.298","11.861","12.382","13.41","14.042","14.022","15.068","15.373","16.04","16.222","16.457","16.8165","17.0422","18.0491","17.0356","18.338","19.06061947"
"INTL.2-2-TUR-BKWH.A","        Turkiye","21.839","22.488","24.896","26.154","29.634","32.566","31.728","35.019","40.373","40.19","47.84","50.465","55.517","60.457","62.8","68.403","75.28","82.75084","88.68671","91.635","104.165","103.26","108.244","116.715","126.292","136.276","149.303","162.889","170.206","164.651","179.619","196.534","205.25","207.53","218.297","226.846","242.037","259.5462","269.7159","268.3242","248.84","292.292","280.4578106"
"INTL.2-2-TKM-BKWH.A","        Turkmenistan","--","--","--","--","--","--","--","--","--","--","--","--","8.347","7.553","6.288","5.986","6.164","6.243","6.095","6.573","7.649","8.139","8.145","8.267","9.12","9.788","10.489","11.472","11.494","12.324","12.124","12.483","12.798","13.638","14.646","16.441","16.441","16.441","16.441","16.441","16.441","16.441","16.977093106"
"INTL.2-2-TCA-BKWH.A","        Turks and Caicos Islands","0.00465","0.00465","0.00465","0.00465","0.00465","0.00465","0.00465","0.00465","0.00465","0.0093","0.01767","0.02139","0.02418","0.0279","0.03162","0.03441","0.03348","0.04464","0.0465","0.0558","0.0734","0.075","0.097","0.105","0.11","0.126","0.151","0.174","0.18","0.19","0.197","0.196","0.198","0.197","0.214","0.217","0.2305","0.283","0.2455","0.2482","0.243","0.2504","0.249998023"
"none","        Tuvalu","","","","","","","","","","","","","","","","","","","","","","","","","","","","","","","","","","","","","","","","","","",""
"INTL.2-2-USIQ-BKWH.A","        U.S. Pacific Islands","0.12183","0.12648","0.12648","0.12927","0.1302","0.14415","0.14787","0.14694","0.15624","0.17484","0.17763","0.17949","0.14415","0.1488","0.15252","0.15531","0.15717","0.15624","0.15903","0.30132","","","","","","","","","","","","","","","","","","","","","","","0"
"none","        U.S. Territories","","","","","","","","","","","","","","","","","","","","","","","","","","","","","","","","","","","","","","","","","","",""
"INTL.2-2-VIR-BKWH.A","        U.S. Virgin Islands","0.69657","0.73563","0.74493","0.76539","0.76911","0.78678","0.80445","0.84165","0.84816","0.83049","0.85653","0.8742","0.89187","0.90954","0.92442","0.93651","0.94023","0.94395","0.94767","0.9486","0.94","0.94","0.95","0.95","0.96","0.8984","0.9041","0.9102","0.9017","0.8528","0.8885","0.8813","0.8101","0.7611","0.7136","0.7193","0.7128","0.5466","0.568","0.6104","0.5988","0.6071","0.625127302"
"INTL.2-2-UGA-BKWH.A","        Uganda","0.30062","0.3046","0.31059","0.26281","0.35688","0.37276","0.36792","0.39502","0.43405","0.52226","0.60238","0.609029","0.801539","0.785496","0.822045","0.856757","0.924368","1.04843","0.99838","0.99652","0.8002","0.8032","0.7812","0.8862","1","1.133","0.9506","1.197","1.3917","1.486","1.728","1.768","1.916","2.062","2.1223","2.661","2.749","2.4344","3.0322","3.0763","3.1922","3.7773","3.970782109"
"INTL.2-2-UKR-BKWH.A","        Ukraine","--","--","--","--","--","--","--","--","--","--","--","--","210.563","193.509","169.769","162.786","146.652","140.108","132.827","128.34","130.281","131.284","132.452","138.575","145.143","147.494","153.68","158.7639","158.125","143.683","157.894","162.043","160.562","158.26","150.171","139.917","140.833","130.279","133.7962","128.9777","131.8864","140.5654","99.689882154"
"INTL.2-2-ARE-BKWH.A","        United Arab Emirates","5.456","5.309","7.724","8.823","9.445","10.615","11.149","11.883","12.911","13.27","14.519","14.628","14.73","14.567","15.602","21.21","22.56","24.871","29.595","34.015","39.4909","41.0867","44.1649","46.6534","49.4243","57.7578","63.4948","74.785","76.4384","81.2042","88.8921","93.5519","100.3169","104.8281","111.0608","119.491","122.232","126.252","128.082","131.438","130.257","141.993","161.89000118"
"INTL.2-2-GBR-BKWH.A","        United Kingdom","243.387","238.669","233.385","235.909","238.652","249.959","258.26","268.441","277.391","282.231","284.384","291.603","292.523","293.93","287.214","297.159","315.792","315.979","322.783","328.406","352.347","355.396","356.8447","360.309","360.7456","368.7304","366.2981","363.6398","362.1873","340.3878","348.6038","336.1996","337.3685","335.9264","321.4466","322.0062","319.9865","315.5008","317.2747","312.6175","296.969","297.1356","287.1278049"
"INTL.2-2-USA-BKWH.A","        United States","2094.449","2147.102862","2086.441352","2150.954584","2285.796394","2323.973852","2368.753052","2457.272219","2578.062495","2755.662834851","2837.115115539","2886.095399972","2897.245375622","3000.742635764","3080.935703921","3164.017441058","3253.827441028","3301.919194687","3425.175673151","3483.808315253","3592.461080252","3557.232825811","3631.799783283","3662.203549479","3716.165705218","3811.30845955","3817.318585715","3890.898899475","3867.234799459","3725.175985508","3889.03154944","3886.21201046","3838.103119236","3876.56210869","3914.50680973","3914.29917567","3921.11069944","3888.30564548","4032.62826743","3989.37824873","3897.89940047","3993.9535228","4128.17701812"
"INTL.2-2-URY-BKWH.A","        Uruguay","2.745","3.119","2.888","2.999","3.144","3.145","3.282","3.464","3.722","3.601","5.091","4.107","4.201","4.54","4.733","5.04","5.112","5.591","6.343","6.201","6.568","6.518","6.269","6.082","6.422","6.635","7.374","8.01","8.627","8.757","9.203","9.515","9.855","10.172","10.472","10.9214","11.5137","11.1993","11.8714","11.7503","11.8055","11.9693","11.810520597"
"INTL.2-2-UZB-BKWH.A","        Uzbekistan","--","--","--","--","--","--","--","--","--","--","--","--","42.796","41.703","40.553","39.473","40.047","40.489","40.343","39.961","43.808","41.093","41.205","40.145","40.345","39.333","42.279","43.441","42.919","42.387","41.823","43.257","43.66","44.565","45.791","47.1062","48.1236","50.3553","57.6839","60.1484","59.0546","64.2789","67.642073483"
"INTL.2-2-VUT-BKWH.A","        Vanuatu","0.01767","0.0186","0.01953","0.02139","0.02232","0.02325","0.02325","0.02232","0.02232","0.02232","0.02232","0.02325","0.02511","0.02511","0.02511","0.02604","0.0279","0.03069","0.03255","0.03255","0.0411","0.042","0.0439","0.0436","0.0445","0.0454","0.0464","0.0478","0.0522","0.0522","0.0573","0.0584","0.0596","0.0617","0.0606","0.0585","0.0667","0.0675","0.0679","0.0691","0.0635","0.0669","0.068091619"
"INTL.2-2-VEN-BKWH.A","        Venezuela","26.837","32.284","32.123","35.139","37.229","39.397","39.753","42.965","47.087","46.132","46.928","49.451","53.23","54.594","55.203","56.17","57.842","59.848","61.171","59.932","64.536","67.344","69.241","68.088","72.705","76.297","80.532","82.265","86.369","86.643","90.425","93.341","102.8671","109.3717","71.6631","86.1533","82.283","70.4932","67.7492","57.8443","54.3617","56.6563","56.76808412"
"INTL.2-2-VNM-BKWH.A","        Vietnam","3.285","3.523","3.725","3.95","4.026","4.248","4.24","4.504","5.007","5.822","6.263","6.708","6.944","7.857","9.231","11.135","13.264","15.084","17.433","19.295","22.905","26.366","30.785","35.654","40.201","47.784","54.6","62.197","69.219","78.924","89.947","98.014","108.335","111.408","126.938","149.961","168.146","182.576","203.6588","222.7288","225.946","237.7923","251.548790584"
"INTL.2-2-WAK-BKWH.A","        Wake Island","0","0","0","0","0","0","0","0","0","0","0","0","0","0","0","0","0","0","0","0","0","0","0","0","0","0","0","0","0","0","0","0","0","0","0","0","0","0","0","0","0","0","0"
"INTL.2-2-ESH-BKWH.A","        Western Sahara","0.06696","0.06696","0.06789","0.06789","0.06789","0.06603","0.06882","0.07068","0.07161","0.07254","0.0744","0.0744","0.0744","0.0744","0.0744","0.07626","0.07626","0.07626","0.07626","0.0744","0.0744","0.0744","0.079","0.079","0.079","0.079","0.0837","0.0837","0.0837","0.0837","0","0","0","0","0","0","0","0","0","0","0","0","0"
"INTL.2-2-YEM-BKWH.A","        Yemen","0.471","0.506","0.607","0.662","0.738","0.783","0.949","1.059","1.432","1.446","1.371","1.363","1.419","1.44","1.62","1.714","1.646","1.74","1.647","1.674","2.465","2.613","2.835","3.118","3.388","3.693","4.011","4.495","5.038","5.111","5.903","4.616","4.746","6.316","5.732","4.339","3.634","3.0917","2.7551","2.6012","2.3495","2.4388","2.367498635"
"INTL.2-2-ZMB-BKWH.A","        Zambia","5.79","6.273","6.191","6.264","6.309","6.343","6.242","6.604","6.66","5.092","6.05","5.958","5.988","5.98","5.954","6.138","5.683","6.525","6.253","5.909","6.129","6.601","7.06","7.466","7.943","8.245","8.612","8.304","7.575","7.512","8.035","8.8587","10.606","11.1511","11.1181","11.8481","11.2588","12.622","13.5356","12.9514","11.9279","13.2949","14.966239154"
"INTL.2-2-ZWE-BKWH.A","        Zimbabwe","6.902","7.036","7.174","6.95","7.106","7.145","7.851","8.13","8.308","9.24","9.948","9.418","8.3","8.773","8.2","8.49","8.793","9.559","9.013","9.676","10.668","10.398","10.5","10.54","10.286","10.771","10.599","9.317","7.773","7.334","7.6771","8.1668","7.9363","8.356","8.1145","7.8399","7.3986","8.0441","8.7053","8.0324","7.2488","8.444","8.88362082"